customer_id,registration_date
1,2024-03-16
2,2024-08-24
3,2023-09-19
4,2023-03-30
5,2024-12-13
6,2023-11-03
7,2024-09-22
8,2022-06-04
9,2022-06-10
10,2023-08-01
11,2023-08-08
12,2023-04-10
13,2022-06-11
14,2023-06-15
15,2023-07-07
16,2023-11-30
17,2023-10-29
18,2024-10-02
19,2022-04-06
20,2022-03-29
21,2023-09-14
22,2024-05-06
23,2022-04-23
24,2024-10-31
25,2023-06-07
26,2023-06-22
27,2023-05-06
28,2024-12-28
29,2023-09-08
30,2023-10-04
31,2022-09-28
32,2024-12-22
33,2022-11-10
34,2024-08-06
35,2024-06-16
36,2024-01-26
37,2023-04-21
38,2024-11-26
39,2023-06-24
40,2022-12-30
41,2022-06-15
42,2023-01-08
43,2023-12-16
44,2023-07-09
45,2022-03-15
46,2024-05-04
47,2022-12-19
48,2022-07-30
49,2024-02-06
50,2022-04-13
51,2023-07-08
52,2024-12-05
53,2023-03-01
54,2022-10-15
55,2023-09-29
56,2024-12-04
57,2022-05-12
58,2023-12-21
59,2024-03-30
60,2024-03-16
61,2024-10-29
62,2024-03-13
63,2022-04-14
64,2023-04-23
65,2024-03-24
66,2022-04-27
67,2023-07-09
68,2023-06-30
69,2024-11-10
70,2024-11-13
71,2022-06-05
72,2022-10-26
73,2022-04-08
74,2024-07-01
75,2024-10-10
76,2024-03-23
77,2022-10-21
78,2023-05-14
79,2023-12-27
80,2023-01-02
81,2023-03-23
82,2023-06-19
83,2024-09-17
84,2023-01-12
85,2024-10-26
86,2024-10-11
87,2023-03-19
88,2022-08-08
89,2022-06-28
90,2023-08-09
91,2023-05-27
92,2023-05-23
93,2024-07-30
94,2022-06-14
95,2024-04-20
96,2023-09-29
97,2024-05-19
98,2024-11-21
99,2023-03-12
100,2023-10-26
101,2024-02-20
102,2023-03-30
103,2024-09-06
104,2022-11-14
105,2024-02-26
106,2022-12-26
107,2024-05-17
108,2024-07-03
109,2024-10-15
110,2023-11-17
111,2023-08-02
112,2023-01-28
113,2022-11-02
114,2023-11-04
115,2022-11-28
116,2023-01-19
117,2023-01-02
118,2024-08-03
119,2024-04-08
120,2024-03-08
121,2023-10-12
122,2022-04-21
123,2024-12-03
124,2022-03-03
125,2024-12-17
126,2022-02-06
127,2023-06-01
128,2023-11-29
129,2022-03-05
130,2023-06-29
131,2023-02-28
132,2022-07-18
133,2022-07-25
134,2024-01-10
135,2024-04-23
136,2024-10-11
137,2024-03-07
138,2022-04-13
139,2022-12-10
140,2024-11-01
141,2023-03-23
142,2022-02-10
143,2024-05-16
144,2023-08-08
145,2024-04-05
146,2023-10-05
147,2022-02-10
148,2023-01-22
149,2022-01-14
150,2024-12-25
151,2024-10-27
152,2024-10-21
153,2022-12-02
154,2023-03-21
155,2023-09-19
156,2023-04-16
157,2023-10-31
158,2023-02-23
159,2024-06-09
160,2022-03-07
161,2023-10-03
162,2024-02-18
163,2024-05-12
164,2024-11-27
165,2023-11-10
166,2022-06-30
167,2024-05-15
168,2022-10-22
169,2022-07-15
170,2023-08-23
171,2023-11-28
172,2023-02-17
173,2022-03-08
174,2024-12-29
175,2024-02-19
176,2024-12-14
177,2023-01-18
178,2024-08-24
179,2023-01-24
180,2022-08-13
181,2022-10-04
182,2023-09-02
183,2024-03-29
184,2022-12-19
185,2022-07-31
186,2024-10-21
187,2022-04-17
188,2024-11-18
189,2022-07-14
190,2023-12-18
191,2023-02-16
192,2024-04-15
193,2024-01-23
194,2023-06-19
195,2023-08-25
196,2022-01-19
197,2024-05-27
198,2022-11-15
199,2024-02-24
200,2024-03-17
201,2022-04-04
202,2023-05-27
203,2023-08-31
204,2022-12-28
205,2024-11-01
206,2022-11-29
207,2024-05-17
208,2024-01-12
209,2023-04-14
210,2022-04-24
211,2022-06-01
212,2023-07-09
213,2023-05-22
214,2024-09-08
215,2023-09-21
216,2022-09-15
217,2022-10-20
218,2024-06-15
219,2022-02-14
220,2024-08-28
221,2023-02-03
222,2022-09-10
223,2022-05-07
224,2022-03-30
225,2022-03-07
226,2024-04-17
227,2024-12-17
228,2024-11-16
229,2023-07-14
230,2022-12-09
231,2022-11-11
232,2024-09-27
233,2023-03-16
234,2022-08-17
235,2024-07-08
236,2023-01-29
237,2023-08-12
238,2024-08-28
239,2024-10-09
240,2023-12-02
241,2022-08-21
242,2024-04-08
243,2023-01-01
244,2022-06-11
245,2022-12-29
246,2023-02-20
247,2024-03-27
248,2024-10-28
249,2023-10-14
250,2022-09-06
251,2023-12-26
252,2024-02-09
253,2022-04-03
254,2024-05-10
255,2023-02-21
256,2024-05-10
257,2022-02-26
258,2023-09-15
259,2024-10-04
260,2024-10-31
261,2024-02-20
262,2022-05-05
263,2023-05-10
264,2024-06-04
265,2023-05-07
266,2022-09-23
267,2023-01-19
268,2022-11-22
269,2023-02-05
270,2024-11-01
271,2024-12-07
272,2023-03-18
273,2024-12-11
274,2024-05-26
275,2024-01-09
276,2023-03-25
277,2023-04-15
278,2023-12-21
279,2024-04-25
280,2023-04-14
281,2024-10-14
282,2023-12-20
283,2024-06-16
284,2022-10-30
285,2024-05-16
286,2023-08-17
287,2024-11-22
288,2024-07-23
289,2022-08-16
290,2022-01-07
291,2024-06-07
292,2024-12-26
293,2023-07-30
294,2024-11-25
295,2024-03-04
296,2024-10-01
297,2022-11-22
298,2022-06-21
299,2024-04-20
300,2023-12-03
301,2024-12-06
302,2023-01-09
303,2022-02-08
304,2023-07-02
305,2023-10-28
306,2024-08-02
307,2024-01-03
308,2024-03-06
309,2023-03-02
310,2022-03-30
311,2022-06-03
312,2024-01-31
313,2024-03-16
314,2022-07-09
315,2022-07-01
316,2024-10-17
317,2022-07-10
318,2022-08-21
319,2024-12-27
320,2022-07-03
321,2023-08-20
322,2022-06-03
323,2023-05-06
324,2024-10-23
325,2022-12-27
326,2023-05-21
327,2024-08-18
328,2023-08-08
329,2024-11-05
330,2023-02-20
331,2022-09-11
332,2023-12-07
333,2023-03-10
334,2022-03-15
335,2022-11-19
336,2022-01-18
337,2024-10-20
338,2023-08-14
339,2024-11-03
340,2022-08-01
341,2023-02-02
342,2023-03-17
343,2022-07-25
344,2023-05-20
345,2024-10-08
346,2023-08-07
347,2024-07-25
348,2024-09-05
349,2022-09-06
350,2024-10-20
351,2024-01-06
352,2023-05-16
353,2023-01-30
354,2022-05-25
355,2022-06-11
356,2024-10-12
357,2022-06-07
358,2024-10-02
359,2022-10-18
360,2022-06-03
361,2023-07-24
362,2023-11-03
363,2022-03-03
364,2024-11-01
365,2022-01-22
366,2022-04-18
367,2024-11-27
368,2022-06-23
369,2022-08-31
370,2022-06-20
371,2022-03-24
372,2022-06-29
373,2022-04-23
374,2022-06-12
375,2022-12-14
376,2024-05-19
377,2022-07-17
378,2022-10-06
379,2023-05-26
380,2023-04-03
381,2022-05-13
382,2024-09-06
383,2023-03-03
384,2023-01-21
385,2023-09-22
386,2022-11-10
387,2023-11-14
388,2024-09-29
389,2023-01-04
390,2022-12-19
391,2022-04-14
392,2023-08-29
393,2022-08-19
394,2023-11-10
395,2024-12-08
396,2022-11-05
397,2022-08-03
398,2023-07-24
399,2024-11-19
400,2024-04-21
401,2022-10-08
402,2023-09-12
403,2023-07-12
404,2022-08-22
405,2023-01-13
406,2023-01-13
407,2023-05-07
408,2022-07-04
409,2024-05-30
410,2023-03-09
411,2024-08-01
412,2023-03-28
413,2024-11-10
414,2024-02-24
415,2024-11-10
416,2023-08-01
417,2024-01-14
418,2022-12-06
419,2024-06-30
420,2024-10-15
421,2024-07-14
422,2024-10-03
423,2024-12-04
424,2024-12-02
425,2022-04-01
426,2022-02-05
427,2023-11-30
428,2024-01-09
429,2024-12-12
430,2023-11-11
431,2024-03-23
432,2023-10-04
433,2024-03-29
434,2024-05-03
435,2024-11-27
436,2022-06-26
437,2022-05-04
438,2023-10-31
439,2022-07-06
440,2024-08-19
441,2022-10-19
442,2022-09-29
443,2022-05-14
444,2023-03-22
445,2023-01-26
446,2024-02-20
447,2023-04-03
448,2022-12-04
449,2024-11-05
450,2022-08-29
451,2024-11-22
452,2022-05-22
453,2024-09-25
454,2022-10-23
455,2024-10-26
456,2022-01-15
457,2024-02-19
458,2023-11-06
459,2023-01-31
460,2022-07-08
461,2024-08-15
462,2022-04-17
463,2023-06-06
464,2022-08-23
465,2024-05-06
466,2024-10-22
467,2023-12-09
468,2024-03-04
469,2023-05-29
470,2022-07-09
471,2023-05-24
472,2022-11-14
473,2022-01-16
474,2024-05-25
475,2024-06-30
476,2023-09-03
477,2022-05-08
478,2023-01-26
479,2024-03-03
480,2023-10-18
481,2023-09-05
482,2022-08-31
483,2024-11-28
484,2024-09-25
485,2024-12-26
486,2024-08-15
487,2022-07-16
488,2022-12-20
489,2024-02-22
490,2024-01-13
491,2022-09-25
492,2024-07-06
493,2024-03-30
494,2022-08-20
495,2023-10-31
496,2024-08-13
497,2024-04-22
498,2023-04-05
499,2024-06-16
500,2022-12-04
