inventory_id,menu_item_id,restaurant_id,inventory_date,opening_quantity,replenishment_quantity,consumption_quantity,closing_quantity,unit_of_measure
1,1,1,2024-01-01,193.206,30.737,28.0,195.943,bowl
2,1,1,2024-01-08,195.943,30.668,25.0,201.611,bowl
3,1,1,2024-01-15,201.611,30.62,30.0,202.231,bowl
4,1,1,2024-01-22,202.231,78.681,65.0,215.912,bowl
5,1,1,2024-01-29,215.912,38.483,38.0,216.395,bowl
6,1,1,2024-02-05,216.395,28.291,21.0,223.686,bowl
7,1,1,2024-02-12,223.686,54.679,48.0,230.365,bowl
8,1,1,2024-02-19,230.365,30.23,26.0,234.596,bowl
9,1,1,2024-02-26,234.596,45.79,43.0,237.386,bowl
10,1,1,2024-03-04,237.386,45.036,35.0,247.422,bowl
11,1,1,2024-03-11,247.422,34.646,33.0,249.068,bowl
12,1,1,2024-03-18,249.068,31.116,28.0,252.184,bowl
13,1,1,2024-03-25,252.184,43.099,32.0,263.284,bowl
14,1,1,2024-04-01,263.284,69.011,50.0,282.295,bowl
15,1,1,2024-04-08,282.295,40.331,31.0,291.626,bowl
16,1,1,2024-04-15,291.626,57.653,48.0,301.279,bowl
17,1,1,2024-04-22,301.279,40.314,42.0,299.593,bowl
18,1,1,2024-04-29,299.593,39.814,49.0,290.407,bowl
19,1,1,2024-05-06,290.407,49.936,45.0,295.342,bowl
20,1,1,2024-05-13,295.342,47.022,31.0,311.365,bowl
21,1,1,2024-05-20,311.365,50.762,38.0,324.127,bowl
22,1,1,2024-05-27,324.127,51.316,64.0,311.443,bowl
23,1,1,2024-06-03,311.443,47.399,41.0,317.841,bowl
24,1,1,2024-06-10,317.841,50.099,42.0,325.94,bowl
25,1,1,2024-06-17,325.94,56.721,41.0,341.661,bowl
26,1,1,2024-06-24,341.661,55.887,67.0,330.548,bowl
27,1,1,2024-07-01,330.548,37.047,35.0,332.595,bowl
28,1,1,2024-07-08,332.595,60.94,52.0,341.536,bowl
29,1,1,2024-07-15,341.536,74.784,58.0,358.32,bowl
30,1,1,2024-07-22,358.32,50.829,50.0,359.149,bowl
31,1,1,2024-07-29,359.149,59.605,50.0,368.753,bowl
32,1,1,2024-08-05,368.753,68.909,56.0,381.663,bowl
33,1,1,2024-08-12,381.663,45.623,32.0,395.286,bowl
34,1,1,2024-08-19,395.286,46.969,45.0,397.255,bowl
35,1,1,2024-08-26,397.255,38.421,40.0,395.675,bowl
36,1,1,2024-09-02,395.675,40.804,26.0,410.479,bowl
37,1,1,2024-09-09,410.479,34.581,32.0,413.06,bowl
38,1,1,2024-09-16,413.06,34.063,28.0,419.123,bowl
39,1,1,2024-09-23,419.123,50.398,49.0,420.521,bowl
40,1,1,2024-09-30,420.521,57.695,43.0,435.215,bowl
41,1,1,2024-10-07,435.215,36.469,26.0,445.684,bowl
42,1,1,2024-10-14,445.684,35.384,32.0,449.068,bowl
43,1,1,2024-10-21,449.068,69.075,54.0,464.143,bowl
44,1,1,2024-10-28,464.143,49.513,52.0,461.656,bowl
45,1,1,2024-11-04,461.656,79.178,63.0,477.834,bowl
46,1,1,2024-11-11,477.834,61.145,72.0,466.979,bowl
47,1,1,2024-11-18,466.979,112.556,82.0,497.536,bowl
48,1,1,2024-11-25,497.536,67.565,60.0,505.1,bowl
49,1,1,2024-12-02,505.1,107.592,86.0,526.692,bowl
50,1,1,2024-12-09,526.692,106.982,85.0,548.675,bowl
51,1,1,2024-12-16,548.675,195.246,164.0,579.921,bowl
52,1,1,2024-12-23,579.921,212.659,188.0,604.579,bowl
53,1,1,2024-12-30,604.579,89.599,67.0,627.178,bowl
54,2,1,2024-01-01,53.844,29.103,38.0,44.946,bowl
55,2,1,2024-01-08,44.946,43.421,45.0,43.368,bowl
56,2,1,2024-01-15,43.368,32.778,25.0,51.145,bowl
57,2,1,2024-01-22,51.145,49.717,42.0,58.862,bowl
58,2,1,2024-01-29,58.862,35.877,34.0,60.739,bowl
59,2,1,2024-02-05,60.739,24.722,19.0,66.461,bowl
60,2,1,2024-02-12,66.461,34.961,30.0,71.422,bowl
61,2,1,2024-02-19,71.422,45.937,37.0,80.359,bowl
62,2,1,2024-02-26,80.359,43.306,34.0,89.665,bowl
63,2,1,2024-03-04,89.665,49.522,46.0,93.187,bowl
64,2,1,2024-03-11,93.187,45.65,31.0,107.837,bowl
65,2,1,2024-03-18,107.837,55.445,52.0,111.283,bowl
66,2,1,2024-03-25,111.283,65.272,45.0,131.555,bowl
67,2,1,2024-04-01,131.555,43.378,33.0,141.933,bowl
68,2,1,2024-04-08,141.933,40.204,40.0,142.137,bowl
69,2,1,2024-04-15,142.137,32.334,31.0,143.471,bowl
70,2,1,2024-04-22,143.471,33.625,28.0,149.096,bowl
71,2,1,2024-04-29,149.096,46.386,52.0,143.482,bowl
72,2,1,2024-05-06,143.482,32.511,25.0,150.993,bowl
73,2,1,2024-05-13,150.993,52.066,39.0,164.059,bowl
74,2,1,2024-05-20,164.059,42.765,31.0,175.824,bowl
75,2,1,2024-05-27,175.824,44.933,37.0,183.757,bowl
76,2,1,2024-06-03,183.757,50.986,43.0,191.743,bowl
77,2,1,2024-06-10,191.743,51.498,42.0,201.241,bowl
78,2,1,2024-06-17,201.241,52.678,59.0,194.919,bowl
79,2,1,2024-06-24,194.919,75.686,53.0,217.605,bowl
80,2,1,2024-07-01,217.605,79.411,73.0,224.015,bowl
81,2,1,2024-07-08,224.015,86.718,79.0,231.733,bowl
82,2,1,2024-07-15,231.733,70.351,75.0,227.084,bowl
83,2,1,2024-07-22,227.084,48.167,54.0,221.251,bowl
84,2,1,2024-07-29,221.251,54.198,48.0,227.449,bowl
85,2,1,2024-08-05,227.449,52.187,44.0,235.636,bowl
86,2,1,2024-08-12,235.636,55.384,47.0,244.02,bowl
87,2,1,2024-08-19,244.02,43.341,54.0,233.362,bowl
88,2,1,2024-08-26,233.362,42.381,33.0,242.743,bowl
89,2,1,2024-09-02,242.743,30.533,32.0,241.276,bowl
90,2,1,2024-09-09,241.276,27.008,25.0,243.283,bowl
91,2,1,2024-09-16,243.283,46.626,30.0,259.909,bowl
92,2,1,2024-09-23,259.909,41.429,33.0,268.339,bowl
93,2,1,2024-09-30,268.339,62.302,42.0,288.641,bowl
94,2,1,2024-10-07,288.641,53.166,44.0,297.807,bowl
95,2,1,2024-10-14,297.807,56.206,59.0,295.013,bowl
96,2,1,2024-10-21,295.013,62.339,44.0,313.351,bowl
97,2,1,2024-10-28,313.351,86.675,71.0,329.026,bowl
98,2,1,2024-11-04,329.026,48.032,42.0,335.059,bowl
99,2,1,2024-11-11,335.059,114.318,89.0,360.377,bowl
100,2,1,2024-11-18,360.377,85.553,67.0,378.929,bowl
101,2,1,2024-11-25,378.929,47.386,63.0,363.315,bowl
102,2,1,2024-12-02,363.315,78.487,59.0,382.802,bowl
103,2,1,2024-12-09,382.802,123.402,139.0,367.204,bowl
104,2,1,2024-12-16,367.204,120.68,131.0,356.884,bowl
105,2,1,2024-12-23,356.884,221.175,180.0,398.058,bowl
106,2,1,2024-12-30,398.058,81.03,69.0,410.088,bowl
107,3,1,2024-01-01,137.212,8.838,3.0,143.05,plate
108,3,1,2024-01-08,143.05,7.45,2.0,148.5,gram
109,3,1,2024-01-15,148.5,12.935,2.0,159.435,plate
110,3,1,2024-01-22,159.435,8.933,0.0,168.368,plate
111,3,1,2024-01-29,168.368,5.341,3.0,170.708,plate
112,3,1,2024-02-05,170.708,11.807,0.0,182.515,plate
113,3,1,2024-02-12,182.515,2.04,0.0,184.554,plate
114,3,1,2024-02-19,184.554,6.584,2.0,189.138,plate
115,3,1,2024-02-26,189.138,11.399,2.0,198.538,plate
116,3,1,2024-03-04,198.538,5.725,0.0,204.263,plate
117,3,1,2024-03-11,204.263,6.253,0.0,210.515,plate
118,3,1,2024-03-18,210.515,58.834,45.0,224.35,plate
119,3,1,2024-03-25,224.35,46.094,35.0,235.443,plate
120,3,1,2024-04-01,235.443,22.025,16.0,241.468,plate
121,3,1,2024-04-08,241.468,34.511,32.0,243.979,plate
122,3,1,2024-04-15,243.979,56.679,44.0,256.659,plate
123,3,1,2024-04-22,256.659,50.36,39.0,268.019,plate
124,3,1,2024-04-29,268.019,7.21,5.0,270.228,plate
125,3,1,2024-05-06,270.228,8.685,0.0,278.914,plate
126,3,1,2024-05-13,278.914,11.092,6.0,284.005,plate
127,3,1,2024-05-20,284.005,5.869,0.0,289.875,plate
128,3,1,2024-05-27,289.875,5.546,3.0,292.421,plate
129,3,1,2024-06-03,292.421,5.191,1.0,296.612,plate
130,3,1,2024-06-10,296.612,7.953,5.0,299.565,plate
131,3,1,2024-06-17,299.565,4.71,0.0,304.275,plate
132,3,1,2024-06-24,304.275,8.628,2.0,310.903,plate
133,3,1,2024-07-01,310.903,14.474,4.0,321.376,plate
134,3,1,2024-07-08,321.376,14.895,4.0,332.271,plate
135,3,1,2024-07-15,332.271,6.195,0.0,338.466,plate
136,3,1,2024-07-22,338.466,50.412,53.0,335.877,plate
137,3,1,2024-07-29,335.877,38.522,33.0,341.399,plate
138,3,1,2024-08-05,341.399,52.005,46.0,347.404,plate
139,3,1,2024-08-12,347.404,49.017,61.0,335.421,plate
140,3,1,2024-08-19,335.421,71.52,49.0,357.942,plate
141,3,1,2024-08-26,357.942,40.981,43.0,355.923,plate
142,3,1,2024-09-02,355.923,5.756,2.0,359.679,plate
143,3,1,2024-09-09,359.679,50.643,34.0,376.322,plate
144,3,1,2024-09-16,376.322,36.751,35.0,378.072,plate
145,3,1,2024-09-23,378.072,54.403,41.0,391.475,plate
146,3,1,2024-09-30,391.475,71.606,69.0,394.081,plate
147,3,1,2024-10-07,394.081,13.728,4.0,403.809,plate
148,3,1,2024-10-14,403.809,15.016,4.0,414.825,plate
149,3,1,2024-10-21,414.825,11.73,2.0,424.555,plate
150,3,1,2024-10-28,424.555,11.261,1.0,434.816,plate
151,3,1,2024-11-04,434.816,8.237,2.0,441.053,plate
152,3,1,2024-11-11,441.053,10.655,1.0,450.708,plate
153,3,1,2024-11-18,450.708,10.718,1.0,460.426,plate
154,3,1,2024-11-25,460.426,12.387,1.0,471.813,plate
155,3,1,2024-12-02,471.813,9.208,6.0,475.021,plate
156,3,1,2024-12-09,475.021,11.019,4.0,482.04,plate
157,3,1,2024-12-16,482.04,15.266,11.0,486.306,plate
158,3,1,2024-12-23,486.306,17.182,8.0,495.488,plate
159,3,1,2024-12-30,495.488,6.961,0.0,502.449,plate
160,4,1,2024-01-01,101.14,4.607,1.0,104.748,plate
161,4,1,2024-01-08,104.748,4.73,0.0,109.478,plate
162,4,1,2024-01-15,109.478,3.807,0.0,113.285,plate
163,4,1,2024-01-22,113.285,9.702,4.0,118.988,plate
164,4,1,2024-01-29,118.988,5.872,0.0,124.86,plate
165,4,1,2024-02-05,124.86,7.127,1.0,130.987,plate
166,4,1,2024-02-12,130.987,7.353,0.0,138.34,plate
167,4,1,2024-02-19,138.34,7.72,1.0,145.06,plate
168,4,1,2024-02-26,145.06,12.954,2.0,156.014,plate
169,4,1,2024-03-04,156.014,13.524,5.0,164.538,plate
170,4,1,2024-03-11,164.538,5.336,2.0,167.874,plate
171,4,1,2024-03-18,167.874,12.931,2.0,178.805,plate
172,4,1,2024-03-25,178.805,6.51,0.0,185.316,plate
173,4,1,2024-04-01,185.316,9.168,3.0,191.484,plate
174,4,1,2024-04-08,191.484,6.925,3.0,195.408,plate
175,4,1,2024-04-15,195.408,8.145,1.0,202.553,plate
176,4,1,2024-04-22,202.553,3.456,1.0,205.01,plate
177,4,1,2024-04-29,205.01,8.885,0.0,213.895,plate
178,4,1,2024-05-06,213.895,6.186,3.0,217.081,plate
179,4,1,2024-05-13,217.081,5.742,2.0,220.824,plate
180,4,1,2024-05-20,220.824,13.693,2.0,232.517,plate
181,4,1,2024-05-27,232.517,8.981,0.0,241.498,plate
182,4,1,2024-06-03,241.498,11.354,3.0,249.852,plate
183,4,1,2024-06-10,249.852,6.989,0.0,256.841,plate
184,4,1,2024-06-17,256.841,13.465,7.0,263.305,plate
185,4,1,2024-06-24,263.305,10.367,2.0,271.672,plate
186,4,1,2024-07-01,271.672,8.21,-1.0,278.883,plate
187,4,1,2024-07-08,278.883,16.788,8.0,287.671,plate
188,4,1,2024-07-15,287.671,14.601,4.0,298.272,plate
189,4,1,2024-07-22,298.272,3.962,0.0,302.235,plate
190,4,1,2024-07-29,302.235,9.93,4.0,308.165,plate
191,4,1,2024-08-05,308.165,6.995,0.0,315.161,plate
192,4,1,2024-08-12,315.161,8.925,5.0,319.086,plate
193,4,1,2024-08-19,319.086,15.327,7.0,327.412,plate
194,4,1,2024-08-26,327.412,9.096,3.0,333.509,plate
195,4,1,2024-09-02,333.509,6.354,0.0,339.862,plate
196,4,1,2024-09-09,339.862,7.541,1.0,346.404,plate
197,4,1,2024-09-16,346.404,6.095,1.0,351.498,plate
198,4,1,2024-09-23,351.498,7.08,4.0,354.578,plate
199,4,1,2024-09-30,354.578,11.489,5.0,361.067,plate
200,4,1,2024-10-07,361.067,12.065,7.0,366.132,plate
201,4,1,2024-10-14,366.132,24.604,11.0,379.735,plate
202,4,1,2024-10-21,379.735,4.729,1.0,383.464,plate
203,4,1,2024-10-28,383.464,11.588,6.0,389.052,plate
204,4,1,2024-11-04,389.052,15.535,9.0,395.587,plate
205,4,1,2024-11-11,395.587,13.274,6.0,402.861,plate
206,4,1,2024-11-18,402.861,16.682,4.0,415.543,plate
207,4,1,2024-11-25,415.543,7.713,4.0,419.256,plate
208,4,1,2024-12-02,419.256,11.658,1.0,429.914,plate
209,4,1,2024-12-09,429.914,10.199,0.0,440.113,plate
210,4,1,2024-12-16,440.113,6.191,5.0,441.304,plate
211,4,1,2024-12-23,441.304,9.446,5.0,445.75,plate
212,4,1,2024-12-30,445.75,13.391,2.0,457.141,plate
213,5,1,2024-01-01,87.79,9.383,6.0,91.173,glass
214,5,1,2024-01-08,91.173,10.874,5.0,97.047,glass
215,5,1,2024-01-15,97.047,22.313,14.0,105.36,glass
216,5,1,2024-01-22,105.36,11.745,13.0,104.104,glass
217,5,1,2024-01-29,104.104,10.288,6.0,108.392,glass
218,5,1,2024-02-05,108.392,12.021,1.0,119.413,glass
219,5,1,2024-02-12,119.413,3.469,0.0,122.882,glass
220,5,1,2024-02-19,122.882,14.183,8.0,129.066,glass
221,5,1,2024-02-26,129.066,17.725,10.0,136.791,glass
222,5,1,2024-03-04,136.791,10.863,2.0,145.653,glass
223,5,1,2024-03-11,145.653,11.835,4.0,153.489,glass
224,5,1,2024-03-18,153.489,11.994,4.0,161.483,glass
225,5,1,2024-03-25,161.483,20.985,11.0,171.467,glass
226,5,1,2024-04-01,171.467,17.023,7.0,181.491,glass
227,5,1,2024-04-08,181.491,10.73,1.0,191.221,glass
228,5,1,2024-04-15,191.221,12.236,6.0,197.457,glass
229,5,1,2024-04-22,197.457,11.185,2.0,206.642,glass
230,5,1,2024-04-29,206.642,15.386,6.0,216.028,glass
231,5,1,2024-05-06,216.028,18.141,9.0,225.169,glass
232,5,1,2024-05-13,225.169,10.003,8.0,227.172,glass
233,5,1,2024-05-20,227.172,13.894,14.0,227.066,glass
234,5,1,2024-05-27,227.066,9.219,2.0,234.285,glass
235,5,1,2024-06-03,234.285,10.667,2.0,242.952,glass
236,5,1,2024-06-10,242.952,11.188,9.0,245.14,glass
237,5,1,2024-06-17,245.14,15.193,11.0,249.333,glass
238,5,1,2024-06-24,249.333,8.06,6.0,251.393,glass
239,5,1,2024-07-01,251.393,13.16,2.0,262.553,glass
240,5,1,2024-07-08,262.553,14.985,8.0,269.537,glass
241,5,1,2024-07-15,269.537,23.292,13.0,279.83,glass
242,5,1,2024-07-22,279.83,9.862,4.0,285.692,glass
243,5,1,2024-07-29,285.692,17.628,12.0,291.319,glass
244,5,1,2024-08-05,291.319,12.681,8.0,296.001,glass
245,5,1,2024-08-12,296.001,11.51,5.0,302.511,glass
246,5,1,2024-08-19,302.511,2.477,0.0,304.988,glass
247,5,1,2024-08-26,304.988,10.187,3.0,312.174,glass
248,5,1,2024-09-02,312.174,10.441,0.0,322.615,glass
249,5,1,2024-09-09,322.615,9.82,1.0,331.435,glass
250,5,1,2024-09-16,331.435,8.4,6.0,333.834,glass
251,5,1,2024-09-23,333.834,20.328,9.0,345.163,glass
252,5,1,2024-09-30,345.163,21.61,9.0,357.773,glass
253,5,1,2024-10-07,357.773,23.86,11.0,370.633,glass
254,5,1,2024-10-14,370.633,10.645,1.0,380.278,glass
255,5,1,2024-10-21,380.278,16.272,5.0,391.549,glass
256,5,1,2024-10-28,391.549,11.05,7.0,395.6,glass
257,5,1,2024-11-04,395.6,20.154,11.0,404.754,glass
258,5,1,2024-11-11,404.754,15.797,7.0,413.551,glass
259,5,1,2024-11-18,413.551,15.076,9.0,419.627,glass
260,5,1,2024-11-25,419.627,11.038,4.0,426.665,glass
261,5,1,2024-12-02,426.665,11.928,5.0,433.593,glass
262,5,1,2024-12-09,433.593,23.757,22.0,435.35,glass
263,5,1,2024-12-16,435.35,11.979,10.0,437.33,glass
264,5,1,2024-12-23,437.33,28.229,20.0,445.558,glass
265,5,1,2024-12-30,445.558,9.981,3.0,452.539,glass
266,6,1,2024-01-01,172.047,2.561,0.0,174.608,plate
267,6,1,2024-01-08,174.608,12.594,1.0,186.202,plate
268,6,1,2024-01-15,186.202,8.796,0.0,194.998,plate
269,6,1,2024-01-22,194.998,3.286,0.0,198.284,plate
270,6,1,2024-01-29,198.284,11.328,2.0,207.612,plate
271,6,1,2024-02-05,207.612,9.416,5.0,212.029,plate
272,6,1,2024-02-12,212.029,10.247,0.0,222.276,plate
273,6,1,2024-02-19,222.276,6.56,0.0,228.835,plate
274,6,1,2024-02-26,228.835,13.099,2.0,239.934,plate
275,6,1,2024-03-04,239.934,15.208,4.0,251.142,plate
276,6,1,2024-03-11,251.142,11.508,1.0,261.65,plate
277,6,1,2024-03-18,261.65,8.582,1.0,269.232,plate
278,6,1,2024-03-25,269.232,5.546,3.0,271.778,plate
279,6,1,2024-04-01,271.778,7.671,1.0,278.45,plate
280,6,1,2024-04-08,278.45,18.436,6.0,290.885,plate
281,6,1,2024-04-15,290.885,6.127,1.0,296.012,plate
282,6,1,2024-04-22,296.012,6.576,0.0,302.588,plate
283,6,1,2024-04-29,302.588,9.15,1.0,310.738,plate
284,6,1,2024-05-06,310.738,7.795,0.0,318.533,plate
285,6,1,2024-05-13,318.533,11.246,4.0,325.779,plate
286,6,1,2024-05-20,325.779,4.911,0.0,330.69,plate
287,6,1,2024-05-27,330.69,6.369,0.0,337.059,plate
288,6,1,2024-06-03,337.059,5.8,0.0,342.859,plate
289,6,1,2024-06-10,342.859,12.713,2.0,353.572,plate
290,6,1,2024-06-17,353.572,9.981,0.0,363.553,plate
291,6,1,2024-06-24,363.553,9.069,0.0,372.623,plate
292,6,1,2024-07-01,372.623,2.48,0.0,375.102,plate
293,6,1,2024-07-08,375.102,7.762,0.0,382.865,plate
294,6,1,2024-07-15,382.865,3.035,0.0,385.899,plate
295,6,1,2024-07-22,385.899,13.254,3.0,396.153,plate
296,6,1,2024-07-29,396.153,6.575,2.0,400.728,plate
297,6,1,2024-08-05,400.728,4.307,2.0,403.035,plate
298,6,1,2024-08-12,403.035,5.878,0.0,408.913,plate
299,6,1,2024-08-19,408.913,2.543,0.0,411.455,plate
300,6,1,2024-08-26,411.455,6.073,1.0,416.528,plate
301,6,1,2024-09-02,416.528,11.88,0.0,428.408,plate
302,6,1,2024-09-09,428.408,11.372,0.0,439.78,plate
303,6,1,2024-09-16,439.78,9.866,2.0,447.646,plate
304,6,1,2024-09-23,447.646,9.565,2.0,455.211,plate
305,6,1,2024-09-30,455.211,11.035,0.0,466.246,plate
306,6,1,2024-10-07,466.246,7.16,0.0,473.406,plate
307,6,1,2024-10-14,473.406,10.916,2.0,482.323,plate
308,6,1,2024-10-21,482.323,10.737,0.0,493.06,plate
309,6,1,2024-10-28,493.06,2.844,0.0,495.904,plate
310,6,1,2024-11-04,495.904,8.827,0.0,504.731,plate
311,6,1,2024-11-11,504.731,6.063,0.0,510.794,plate
312,6,1,2024-11-18,510.794,7.654,0.0,518.448,plate
313,6,1,2024-11-25,518.448,7.546,0.0,525.994,plate
314,6,1,2024-12-02,525.994,10.632,3.0,533.626,plate
315,6,1,2024-12-09,533.626,14.493,6.0,542.119,plate
316,6,1,2024-12-16,542.119,6.188,2.0,546.307,plate
317,6,1,2024-12-23,546.307,7.156,0.0,553.463,plate
318,6,1,2024-12-30,553.463,2.754,0.0,556.217,plate
319,7,1,2024-01-01,74.872,11.629,0.0,86.501,bowl
320,7,1,2024-01-08,86.501,10.846,1.0,96.346,bowl
321,7,1,2024-01-15,96.346,11.773,1.0,107.119,bowl
322,7,1,2024-01-22,107.119,9.306,0.0,116.425,bowl
323,7,1,2024-01-29,116.425,4.389,0.0,120.814,bowl
324,7,1,2024-02-05,120.814,13.519,8.0,126.333,bowl
325,7,1,2024-02-12,126.333,15.376,6.0,135.708,bowl
326,7,1,2024-02-19,135.708,12.331,4.0,144.04,bowl
327,7,1,2024-02-26,144.04,3.577,0.0,147.617,bowl
328,7,1,2024-03-04,147.617,9.867,2.0,155.484,bowl
329,7,1,2024-03-11,155.484,8.464,0.0,163.948,bowl
330,7,1,2024-03-18,163.948,7.067,1.0,170.015,bowl
331,7,1,2024-03-25,170.015,4.517,0.0,174.532,bowl
332,7,1,2024-04-01,174.532,3.575,0.0,178.108,bowl
333,7,1,2024-04-08,178.108,4.17,0.0,182.278,bowl
334,7,1,2024-04-15,182.278,8.897,0.0,191.175,bowl
335,7,1,2024-04-22,191.175,11.268,0.0,202.443,bowl
336,7,1,2024-04-29,202.443,10.934,0.0,213.376,bowl
337,7,1,2024-05-06,213.376,5.72,4.0,215.096,bowl
338,7,1,2024-05-13,215.096,5.369,0.0,220.465,bowl
339,7,1,2024-05-20,220.465,6.975,3.0,224.44,bowl
340,7,1,2024-05-27,224.44,10.369,5.0,229.809,bowl
341,7,1,2024-06-03,229.809,3.411,1.0,232.22,bowl
342,7,1,2024-06-10,232.22,5.462,0.0,237.683,bowl
343,7,1,2024-06-17,237.683,11.925,2.0,247.607,bowl
344,7,1,2024-06-24,247.607,11.044,2.0,256.651,bowl
345,7,1,2024-07-01,256.651,45.937,31.0,271.589,bowl
346,7,1,2024-07-08,271.589,31.787,36.0,267.376,bowl
347,7,1,2024-07-15,267.376,33.74,41.0,260.115,bowl
348,7,1,2024-07-22,260.115,64.843,53.0,271.958,bowl
349,7,1,2024-07-29,271.958,18.4,18.0,272.359,bowl
350,7,1,2024-08-05,272.359,27.651,17.0,283.009,bowl
351,7,1,2024-08-12,283.009,24.999,28.0,280.009,bowl
352,7,1,2024-08-19,280.009,38.802,24.0,294.811,bowl
353,7,1,2024-08-26,294.811,16.619,15.0,296.43,bowl
354,7,1,2024-09-02,296.43,11.616,8.0,300.046,bowl
355,7,1,2024-09-09,300.046,45.542,29.0,316.588,bowl
356,7,1,2024-09-16,316.588,16.882,16.0,317.469,bowl
357,7,1,2024-09-23,317.469,29.41,19.0,327.88,bowl
358,7,1,2024-09-30,327.88,16.064,8.0,335.944,bowl
359,7,1,2024-10-07,335.944,5.047,1.0,339.991,bowl
360,7,1,2024-10-14,339.991,12.807,1.0,351.798,bowl
361,7,1,2024-10-21,351.798,11.847,1.0,362.645,bowl
362,7,1,2024-10-28,362.645,16.476,6.0,373.121,bowl
363,7,1,2024-11-04,373.121,9.831,0.0,382.952,bowl
364,7,1,2024-11-11,382.952,11.715,0.0,394.667,bowl
365,7,1,2024-11-18,394.667,11.106,3.0,402.774,bowl
366,7,1,2024-11-25,402.774,18.414,7.0,414.188,bowl
367,7,1,2024-12-02,414.188,2.748,1.0,415.936,bowl
368,7,1,2024-12-09,415.936,13.655,8.0,421.591,bowl
369,7,1,2024-12-16,421.591,8.593,2.0,428.184,bowl
370,7,1,2024-12-23,428.184,12.226,2.0,438.409,bowl
371,7,1,2024-12-30,438.409,5.771,0.0,444.181,bowl
372,8,1,2024-01-01,101.087,9.304,0.0,110.391,plate
373,8,1,2024-01-08,110.391,4.542,0.0,114.933,plate
374,8,1,2024-01-15,114.933,5.182,0.0,120.115,plate
375,8,1,2024-01-22,120.115,9.426,0.0,129.542,plate
376,8,1,2024-01-29,129.542,7.135,0.0,136.677,plate
377,8,1,2024-02-05,136.677,8.87,7.0,138.547,plate
378,8,1,2024-02-12,138.547,8.154,4.0,142.701,plate
379,8,1,2024-02-19,142.701,10.835,0.0,153.536,plate
380,8,1,2024-02-26,153.536,4.268,1.0,156.804,plate
381,8,1,2024-03-04,156.804,4.44,2.0,159.244,plate
382,8,1,2024-03-11,159.244,9.866,0.0,169.11,plate
383,8,1,2024-03-18,169.11,8.075,3.0,174.185,plate
384,8,1,2024-03-25,174.185,12.444,1.0,185.629,plate
385,8,1,2024-04-01,185.629,8.806,0.0,194.436,plate
386,8,1,2024-04-08,194.436,9.924,0.0,204.36,plate
387,8,1,2024-04-15,204.36,3.086,0.0,207.446,plate
388,8,1,2024-04-22,207.446,14.302,5.0,216.748,plate
389,8,1,2024-04-29,216.748,7.159,3.0,220.907,plate
390,8,1,2024-05-06,220.907,9.898,0.0,230.805,plate
391,8,1,2024-05-13,230.805,8.606,2.0,237.411,plate
392,8,1,2024-05-20,237.411,10.212,0.0,247.623,plate
393,8,1,2024-05-27,247.623,15.782,8.0,255.406,plate
394,8,1,2024-06-03,255.406,5.795,0.0,261.2,plate
395,8,1,2024-06-10,261.2,11.516,3.0,269.717,plate
396,8,1,2024-06-17,269.717,11.909,0.0,281.626,plate
397,8,1,2024-06-24,281.626,4.552,0.0,286.177,plate
398,8,1,2024-07-01,286.177,9.751,0.0,295.929,plate
399,8,1,2024-07-08,295.929,3.604,1.0,298.533,plate
400,8,1,2024-07-15,298.533,4.095,1.0,301.628,plate
401,8,1,2024-07-22,301.628,9.601,3.0,308.229,plate
402,8,1,2024-07-29,308.229,4.608,2.0,310.837,plate
403,8,1,2024-08-05,310.837,10.434,0.0,321.271,plate
404,8,1,2024-08-12,321.271,9.175,1.0,329.446,plate
405,8,1,2024-08-19,329.446,13.028,5.0,337.474,plate
406,8,1,2024-08-26,337.474,3.947,1.0,340.422,plate
407,8,1,2024-09-02,340.422,11.452,4.0,347.874,plate
408,8,1,2024-09-09,347.874,11.737,4.0,355.611,plate
409,8,1,2024-09-16,355.611,7.797,1.0,362.409,plate
410,8,1,2024-09-23,362.409,3.717,1.0,365.126,plate
411,8,1,2024-09-30,365.126,9.128,5.0,369.254,plate
412,8,1,2024-10-07,369.254,8.224,0.0,377.478,plate
413,8,1,2024-10-14,377.478,9.415,3.0,383.893,plate
414,8,1,2024-10-21,383.893,4.586,0.0,388.479,plate
415,8,1,2024-10-28,388.479,11.105,2.0,397.584,plate
416,8,1,2024-11-04,397.584,11.3,0.0,408.884,plate
417,8,1,2024-11-11,408.884,18.57,6.0,421.454,plate
418,8,1,2024-11-18,421.454,14.48,4.0,431.934,plate
419,8,1,2024-11-25,431.934,5.511,1.0,436.446,plate
420,8,1,2024-12-02,436.446,6.309,1.0,441.755,plate
421,8,1,2024-12-09,441.755,11.307,3.0,450.062,plate
422,8,1,2024-12-16,450.062,5.99,2.0,454.051,plate
423,8,1,2024-12-23,454.051,10.365,7.0,457.416,plate
424,8,1,2024-12-30,457.416,8.611,-0.0,466.027,plate
425,9,1,2024-01-01,58.81,23.69,20.0,62.5,portion
426,9,1,2024-01-08,62.5,20.27,9.0,73.77,portion
427,9,1,2024-01-15,73.77,24.726,16.0,82.496,portion
428,9,1,2024-01-22,82.496,13.33,11.0,84.826,portion
429,9,1,2024-01-29,84.826,28.037,20.0,92.864,portion
430,9,1,2024-02-05,92.864,9.106,8.0,93.97,portion
431,9,1,2024-02-12,93.97,37.387,26.0,105.357,portion
432,9,1,2024-02-19,105.357,28.205,23.0,110.562,portion
433,9,1,2024-02-26,110.562,39.005,23.0,126.567,portion
434,9,1,2024-03-04,126.567,10.93,6.0,131.498,portion
435,9,1,2024-03-11,131.498,40.337,29.0,142.835,portion
436,9,1,2024-03-18,142.835,25.327,19.0,149.162,portion
437,9,1,2024-03-25,149.162,36.928,21.0,165.09,portion
438,9,1,2024-04-01,165.09,40.349,23.0,182.439,portion
439,9,1,2024-04-08,182.439,20.21,22.0,180.648,portion
440,9,1,2024-04-15,180.648,25.62,19.0,187.268,portion
441,9,1,2024-04-22,187.268,30.13,28.0,189.398,portion
442,9,1,2024-04-29,189.398,25.291,20.0,194.69,portion
443,9,1,2024-05-06,194.69,39.912,27.0,207.602,portion
444,9,1,2024-05-13,207.602,17.918,11.0,214.52,portion
445,9,1,2024-05-20,214.52,25.77,15.0,225.29,portion
446,9,1,2024-05-27,225.29,24.933,21.0,229.223,portion
447,9,1,2024-06-03,229.223,29.451,21.0,237.674,portion
448,9,1,2024-06-10,237.674,35.418,24.0,249.092,portion
449,9,1,2024-06-17,249.092,23.651,15.0,257.743,portion
450,9,1,2024-06-24,257.743,27.326,31.0,254.069,portion
451,9,1,2024-07-01,254.069,29.46,24.0,259.529,portion
452,9,1,2024-07-08,259.529,43.379,30.0,272.908,portion
453,9,1,2024-07-15,272.908,40.173,44.0,269.081,portion
454,9,1,2024-07-22,269.081,34.495,30.0,273.577,portion
455,9,1,2024-07-29,273.577,30.316,20.0,283.893,portion
456,9,1,2024-08-05,283.893,20.811,14.0,290.704,portion
457,9,1,2024-08-12,290.704,28.183,21.0,297.887,portion
458,9,1,2024-08-19,297.887,25.982,14.0,309.869,portion
459,9,1,2024-08-26,309.869,18.109,8.0,319.978,portion
460,9,1,2024-09-02,319.978,15.421,13.0,322.399,portion
461,9,1,2024-09-09,322.399,26.554,18.0,330.953,portion
462,9,1,2024-09-16,330.953,16.109,8.0,339.062,portion
463,9,1,2024-09-23,339.062,29.43,22.0,346.492,portion
464,9,1,2024-09-30,346.492,19.405,7.0,358.897,portion
465,9,1,2024-10-07,358.897,23.707,11.0,371.605,portion
466,9,1,2024-10-14,371.605,25.315,18.0,378.92,portion
467,9,1,2024-10-21,378.92,28.885,18.0,389.805,portion
468,9,1,2024-10-28,389.805,7.325,4.0,393.13,portion
469,9,1,2024-11-04,393.13,36.955,21.0,409.086,portion
470,9,1,2024-11-11,409.086,32.828,29.0,412.913,portion
471,9,1,2024-11-18,412.913,31.295,23.0,421.208,portion
472,9,1,2024-11-25,421.208,20.032,17.0,424.241,portion
473,9,1,2024-12-02,424.241,42.168,34.0,432.409,portion
474,9,1,2024-12-09,432.409,39.946,33.0,439.355,portion
475,9,1,2024-12-16,439.355,71.843,59.0,452.199,portion
476,9,1,2024-12-23,452.199,57.68,66.0,443.879,portion
477,9,1,2024-12-30,443.879,18.358,16.0,446.237,portion
478,10,1,2024-01-01,73.75,17.101,10.0,80.851,plate
479,10,1,2024-01-08,80.851,17.733,7.0,91.584,plate
480,10,1,2024-01-15,91.584,11.788,5.0,98.371,plate
481,10,1,2024-01-22,98.371,18.829,8.0,109.2,plate
482,10,1,2024-01-29,109.2,12.405,9.0,112.605,plate
483,10,1,2024-02-05,112.605,12.848,4.0,121.454,plate
484,10,1,2024-02-12,121.454,8.495,5.0,124.949,gram
485,10,1,2024-02-19,124.949,9.751,4.0,130.7,plate
486,10,1,2024-02-26,130.7,13.236,3.0,140.937,plate
487,10,1,2024-03-04,140.937,9.597,9.0,141.534,plate
488,10,1,2024-03-11,141.534,12.84,4.0,150.374,plate
489,10,1,2024-03-18,150.374,13.563,5.0,158.937,plate
490,10,1,2024-03-25,158.937,15.792,4.0,170.73,plate
491,10,1,2024-04-01,170.73,6.274,2.0,175.003,plate
492,10,1,2024-04-08,175.003,16.273,6.0,185.276,plate
493,10,1,2024-04-15,185.276,12.077,8.0,189.353,plate
494,10,1,2024-04-22,189.353,7.536,5.0,191.889,plate
495,10,1,2024-04-29,191.889,10.761,2.0,200.651,plate
496,10,1,2024-05-06,200.651,3.62,0.0,204.271,plate
497,10,1,2024-05-13,204.271,15.33,4.0,215.601,plate
498,10,1,2024-05-20,215.601,5.098,2.0,218.699,plate
499,10,1,2024-05-27,218.699,3.3,1.0,220.999,plate
500,10,1,2024-06-03,220.999,8.824,4.0,225.823,plate
