order_item_id,order_id,menu_item_id,quantity,unit_price,unit_cost,discount_amount,line_total
1,1,17.0,4.0,12.8,4.83,0.0,51.2
2,1,38.0,5.0,8.29,6.62,0.0,41.45
3,1,48.0,2.0,32.87,27.82,0.0,65.74
4,1,24.0,1.0,4.54,2.77,0.0,4.54
5,1,40.0,3.0,5.41,2.65,0.0,16.23
6,1,9.0,1.0,30.83,16.35,0.0,30.83
7,1,105.0,1.0,10.47,6.0,0.0,10.47
8,2,28.0,2.0,14.33,10.51,0.0,28.66
9,2,1.0,1.0,8.23,8.61,0.0,8.23
10,2,14.0,1.0,4.14,2.25,0.0,4.14
11,2,108.0,2.0,8.37,2.75,0.0,16.74
12,2,142.0,3.0,22.45,12.44,0.0,67.35
13,2,85.0,1.0,5.12,2.51,0.0,5.12
14,2,35.0,3.0,13.7,4.64,0.0,41.1
15,2,71.0,1.0,14.1,8.26,0.0,14.1
16,2,129.0,1.0,29.93,12.31,0.0,29.93
17,2,101.0,1.0,21.88,20.51,0.0,21.88
18,2,29.0,1.0,9.0,3.62,0.0,9.0
19,2,119.0,3.0,5.66,2.9,0.0,16.98
20,2,126.0,4.0,17.84,5.61,0.0,71.36
21,3,135.0,2.0,5.29,5.31,0.0,10.58
22,3,116.0,1.0,4.56,2.25,0.0,4.56
23,3,83.0,1.0,32.75,13.8,0.0,32.75
24,3,95.0,1.0,13.78,12.23,0.0,13.78
25,3,88.0,1.0,6.64,6.13,0.0,6.64
26,3,28.0,1.0,14.33,10.51,0.0,14.33
27,3,40.0,1.0,5.57,2.65,0.0,5.57
28,3,98.0,1.0,10.0,5.29,0.0,10.0
29,3,65.0,2.0,29.41,15.68,0.0,58.82
30,3,18.0,2.0,5.62,2.34,0.0,11.24
31,3,136.0,3.0,17.49,9.21,0.0,52.47
32,3,119.0,2.0,5.66,2.9,0.0,11.32
33,3,27.0,1.0,17.2,,0.0,17.2
34,3,125.0,1.0,34.96,31.24,0.0,34.96
35,4,106.0,1.0,7.4,7.59,0.0,7.4
36,4,9.0,2.0,31.07,16.35,0.0,62.14
37,4,40.0,1.0,5.3,2.65,0.0,5.3
38,4,10.0,1.0,4.82,2.67,0.0,4.82
39,4,42.0,1.0,2.85,1.81,0.0,2.85
40,4,19.0,1.0,27.74,13.98,0.0,27.74
41,4,146.0,2.0,24.18,9.53,0.0,48.36
42,4,120.0,1.0,32.14,24.79,0.0,32.14
43,4,12.0,2.0,22.86,14.29,0.0,45.72
44,4,2.0,1.0,14.69,8.48,0.0,14.69
45,4,36.0,1.0,7.58,4.12,0.0,7.58
46,5,34.0,3.0,4.48,2.33,0.0,13.44
47,5,118.0,1.0,15.05,14.08,0.0,15.05
48,5,141.0,2.0,11.81,4.95,0.0,23.62
49,5,52.0,1.0,14.67,5.32,0.0,14.67
50,5,135.0,2.0,5.8,5.31,0.0,11.6
51,5,102.0,4.0,8.58,4.32,0.0,34.32
52,5,2.0,1.0,13.89,8.48,0.0,13.89
53,5,103.0,3.0,10.01,5.1,0.0,30.03
54,5,4.0,1.0,17.26,19.08,0.0,17.26
55,5,28.0,4.0,13.55,10.51,0.0,54.2
56,5,1.0,1.0,8.19,8.61,0.0,8.19
57,5,93.0,1.0,9.98,8.9,0.0,9.98
58,6,144.0,1.0,5.31,1.74,0.0,5.31
59,6,127.0,2.0,11.98,8.8,0.0,23.96
60,6,35.0,1.0,13.17,4.64,0.0,13.17
61,6,76.0,3.0,5.55,2.48,0.0,16.65
62,6,79.0,3.0,26.87,23.52,0.0,80.61
63,6,145.0,3.0,9.44,7.58,0.0,28.32
64,6,132.0,1.0,5.28,2.95,0.0,5.28
65,7,80.0,1.0,16.62,6.52,0.0,16.62
66,7,135.0,1.0,5.28,5.31,0.0,5.28
67,7,73.0,2.0,12.88,12.38,0.0,25.76
68,7,110.0,1.0,34.88,17.22,0.0,34.88
69,7,13.0,2.0,20.43,23.32,0.0,40.86
70,7,98.0,2.0,10.39,5.29,0.0,20.78
71,8,22.0,1.0,3.93,2.46,0.0,3.93
72,8,135.0,1.0,5.4,5.31,1.19,4.21
73,8,92.0,1.0,7.38,6.8,0.0,7.38
74,8,57.0,1.0,20.12,7.59,0.0,20.12
75,8,132.0,3.0,5.28,2.95,0.0,15.84
76,8,,2.0,8.06,8.61,0.0,16.12
77,8,95.0,1.0,13.78,12.23,0.0,13.78
78,8,11.0,1.0,9.39,8.02,0.0,9.39
79,8,110.0,2.0,34.88,17.22,0.0,69.76
80,8,68.0,4.0,6.24,3.36,0.0,24.96
81,8,63.0,1.0,9.44,4.05,0.0,9.44
82,9,63.0,1.0,8.54,4.05,0.0,8.54
83,9,73.0,2.0,14.21,12.38,0.0,28.42
84,9,141.0,1.0,13.03,4.95,0.0,13.03
85,9,29.0,4.0,9.0,3.62,0.0,36.0
86,9,91.0,5.0,6.22,3.65,0.0,31.1
87,9,80.0,1.0,23.09,6.52,0.0,23.09
88,9,71.0,2.0,15.54,8.26,0.0,31.08
89,9,143.0,1.0,3.67,1.39,0.0,3.67
90,9,139.0,3.0,8.4,4.0,0.0,25.2
91,9,109.0,1.0,5.34,4.89,0.0,5.34
92,9,82.0,1.0,20.08,10.94,0.0,20.08
93,10,141.0,1.0,12.96,4.95,0.0,12.96
94,10,76.0,2.0,5.55,2.48,0.0,11.1
95,10,36.0,1.0,7.38,4.12,0.0,7.38
96,10,4.0,1.0,17.92,19.08,0.0,17.92
97,10,57.0,1.0,17.98,7.59,0.0,17.98
98,10,2.0,1.0,14.98,8.48,0.0,14.98
99,10,128.0,1.0,7.93,3.85,0.0,7.93
100,10,131.0,1.0,5.04,2.27,0.0,5.04
101,10,83.0,1.0,16.82,13.8,0.0,16.82
102,11,63.0,1.0,8.54,4.05,0.0,8.54
103,11,51.0,1.0,5.09,2.9,0.0,5.09
104,11,139.0,1.0,9.03,4.0,0.0,9.03
105,11,132.0,1.0,5.12,2.95,0.0,5.12
106,11,82.0,1.0,20.08,10.94,0.0,20.08
107,11,68.0,1.0,6.73,3.36,0.0,6.73
108,11,133.0,1.0,11.04,6.44,0.0,11.04
109,11,91.0,4.0,6.22,3.65,0.0,24.88
110,11,142.0,3.0,22.33,12.44,0.0,66.99
111,11,145.0,1.0,9.44,7.58,0.0,9.44
112,11,4.0,1.0,17.26,19.08,0.0,17.26
113,12,144.0,2.0,5.31,1.74,5.74,4.88
114,12,70.0,1.0,8.37,3.33,0.0,8.37
115,12,28.0,2.0,13.49,10.51,0.0,26.98
116,12,50.0,1.0,11.5,4.36,0.0,11.5
117,12,82.0,4.0,20.08,10.94,0.0,80.32
118,12,127.0,1.0,10.22,8.8,0.0,10.22
119,12,1.0,4.0,8.19,8.61,0.0,32.76
120,12,16.0,4.0,6.75,6.29,0.0,27.0
121,12,86.0,2.0,8.01,1.8,0.0,16.02
122,12,62.0,1.0,8.06,7.19,0.0,8.06
123,12,34.0,1.0,4.48,2.33,0.0,4.48
124,13,73.0,1.0,13.6,12.38,0.0,13.6
125,13,58.0,1.0,18.94,7.73,0.0,18.94
126,13,113.0,1.0,13.4,10.77,0.0,13.4
127,13,129.0,2.0,29.93,12.31,0.0,59.86
128,13,30.0,3.0,22.7,12.62,0.0,68.1
129,13,40.0,2.0,5.78,2.65,0.0,11.56
130,13,57.0,3.0,20.12,7.59,0.0,60.36
131,13,28.0,1.0,14.33,10.51,0.0,14.33
132,13,43.0,1.0,39.28,22.66,0.0,39.28
133,13,91.0,1.0,5.9,3.65,0.0,5.9
134,13,139.0,1.0,8.98,4.0,0.0,8.98
135,13,24.0,1.0,4.54,2.77,0.0,4.54
136,13,110.0,1.0,34.88,17.22,0.0,34.88
137,14,98.0,1.0,10.0,5.29,0.0,10.0
138,14,136.0,4.0,17.49,9.21,0.0,69.96
139,14,95.0,2.0,13.78,12.23,0.0,27.56
140,14,1.0,1.0,8.06,8.61,0.0,8.06
141,14,141.0,5.0,11.31,4.95,0.0,56.55
142,14,2.0,1.0,14.69,8.48,0.0,14.69
143,14,58.0,1.0,18.94,7.73,0.0,18.94
144,14,18.0,1.0,5.85,2.34,0.0,5.85
145,14,110.0,3.0,34.88,17.22,0.0,104.64
146,14,47.0,3.0,10.43,5.45,0.0,31.29
147,14,27.0,3.0,17.2,8.87,0.0,51.6
148,14,103.0,1.0,11.2,5.1,0.0,11.2
149,14,9.0,3.0,31.07,16.35,0.0,93.21
150,14,42.0,1.0,2.85,1.81,0.0,2.85
151,15,122.0,1.0,11.64,3.71,0.0,11.64
152,15,109.0,2.0,5.63,4.89,0.0,11.26
153,15,23.0,1.0,5.73,1.76,0.0,5.73
154,15,51.0,4.0,5.09,2.9,0.0,20.36
155,15,62.0,2.0,8.06,7.19,0.0,16.12
156,15,91.0,2.0,5.91,3.65,0.0,11.82
157,15,103.0,2.0,11.2,5.1,0.0,22.4
158,15,127.0,1.0,10.22,8.8,0.0,10.22
159,15,128.0,1.0,8.17,3.85,0.0,8.17
160,15,33.0,1.0,3.35,1.82,0.0,3.35
161,15,14.0,1.0,4.13,2.25,0.0,4.13
162,15,19.0,4.0,28.33,13.98,0.0,113.32
163,16,137.0,1.0,7.36,3.43,0.0,7.36
164,16,100.0,1.0,33.28,11.18,0.0,33.28
165,16,88.0,3.0,7.18,6.13,0.0,21.54
166,16,139.0,1.0,8.4,4.0,0.0,8.4
167,16,114.0,1.0,23.79,19.17,0.0,23.79
168,16,47.0,1.0,11.59,5.45,0.0,11.59
169,16,111.0,1.0,18.35,9.35,0.0,18.35
170,16,1.0,2.0,8.19,8.61,0.0,16.38
171,16,129.0,2.0,29.82,12.31,0.0,59.64
172,16,141.0,1.0,12.96,4.95,0.0,12.96
173,16,120.0,2.0,30.22,24.79,0.0,60.44
174,16,16.0,1.0,7.65,6.29,0.0,7.65
175,17,68.0,1.0,6.24,3.36,0.0,6.24
176,17,47.0,4.0,10.43,5.45,0.0,41.72
177,17,76.0,2.0,5.55,2.48,1.81,9.29
178,17,27.0,1.0,17.2,8.87,0.0,17.2
179,17,87.0,1.0,16.68,9.15,0.0,16.68
180,17,56.0,3.0,23.0,11.75,0.0,69.0
181,17,21.0,1.0,6.79,3.01,0.0,6.79
182,18,1.0,5.0,8.19,8.61,0.0,40.95
183,18,91.0,4.0,6.22,3.65,0.0,24.88
184,18,37.0,2.0,9.39,4.41,0.0,18.78
185,18,5.0,1.0,5.78,3.41,0.0,5.78
186,18,26.0,1.0,4.85,2.02,0.0,4.85
187,18,65.0,1.0,29.58,15.68,0.0,29.58
188,18,67.0,1.0,6.64,2.88,0.0,6.64
189,18,73.0,3.0,14.21,12.38,0.0,42.63
190,18,82.0,2.0,20.08,10.94,0.0,40.16
191,19,129.0,1.0,29.93,12.31,0.0,29.93
192,19,127.0,2.0,11.98,8.8,0.0,23.96
193,19,47.0,1.0,10.43,5.45,0.0,10.43
194,19,,2.0,23.34,12.28,0.0,46.68
195,19,42.0,2.0,2.85,1.81,0.0,5.7
196,19,141.0,1.0,11.31,4.95,0.0,11.31
197,19,97.0,1.0,7.68,6.62,0.0,7.68
198,19,109.0,1.0,5.02,4.89,0.0,5.02
199,19,16.0,2.0,6.75,6.29,0.0,13.5
200,19,119.0,1.0,5.66,2.9,0.0,5.66
201,20,91.0,4.0,6.22,3.65,0.0,24.88
202,20,19.0,2.0,28.47,13.98,0.0,56.94
203,20,73.0,1.0,14.21,12.38,0.0,14.21
204,20,10.0,2.0,4.77,2.67,0.0,9.54
205,20,66.0,1.0,8.82,7.89,3.53,5.29
206,20,139.0,1.0,8.4,4.0,0.0,8.4
207,20,118.0,5.0,15.05,14.08,0.0,75.25
208,20,108.0,2.0,8.75,2.75,0.0,17.5
209,20,120.0,1.0,30.22,24.79,0.0,30.22
210,20,113.0,5.0,12.25,10.77,0.0,61.25
211,20,103.0,1.0,10.01,5.1,0.0,10.01
212,20,38.0,1.0,10.42,6.62,0.0,10.42
213,20,76.0,1.0,5.79,2.48,0.0,5.79
214,20,11.0,1.0,8.88,8.02,0.0,8.88
215,21,2.0,1.0,14.98,8.48,0.0,14.98
216,21,4.0,2.0,17.92,19.08,0.0,35.84
217,21,48.0,2.0,33.38,27.82,0.0,66.76
218,21,67.0,1.0,6.79,2.88,0.0,6.79
219,21,99.0,1.0,13.27,5.84,0.0,13.27
220,21,124.0,1.0,7.64,6.13,0.0,7.64
221,21,121.0,2.0,6.01,3.36,0.0,12.02
222,21,51.0,1.0,5.1,2.9,0.0,5.1
223,21,76.0,1.0,5.55,2.48,0.0,5.55
224,21,66.0,4.0,8.82,7.89,0.0,35.28
225,21,9.0,4.0,32.4,16.35,0.0,129.6
226,21,11.0,1.0,8.88,8.02,0.0,8.88
227,21,73.0,2.0,14.21,12.38,0.0,28.42
228,21,104.0,1.0,11.91,5.67,0.0,11.91
229,22,18.0,2.0,5.36,2.34,0.0,10.72
230,22,95.0,1.0,13.65,12.23,0.0,13.65
231,22,27.0,1.0,17.61,8.87,0.0,17.61
232,22,96.0,1.0,23.23,12.69,0.0,23.23
233,22,94.0,4.0,7.6,3.68,0.0,30.4
234,22,76.0,2.0,5.55,2.48,0.0,11.1
235,22,11.0,1.0,8.88,8.02,0.0,8.88
236,22,22.0,4.0,4.41,2.46,0.0,17.64
237,22,9.0,1.0,32.4,16.35,0.0,32.4
238,22,52.0,1.0,14.66,5.32,0.0,14.66
239,22,117.0,1.0,4.01,3.53,0.0,4.01
240,22,93.0,3.0,9.98,8.9,0.0,29.94
241,22,121.0,1.0,6.01,3.36,0.0,6.01
242,22,149.0,3.0,10.94,3.99,0.0,32.82
243,23,13.0,1.0,21.66,23.32,11.25,10.41
244,23,120.0,1.0,30.22,24.79,0.0,30.22
245,23,141.0,2.0,13.03,4.95,0.0,26.06
246,23,82.0,1.0,20.08,10.94,0.0,20.08
247,23,25.0,1.0,8.35,4.63,0.0,8.35
248,23,2.0,1.0,13.89,8.48,0.0,13.89
249,23,143.0,5.0,3.67,1.39,0.0,18.35
250,24,73.0,1.0,13.39,12.38,0.0,13.39
251,24,82.0,4.0,20.08,10.94,0.0,80.32
252,24,13.0,4.0,21.66,23.32,13.11,73.53
253,24,126.0,1.0,13.37,5.61,0.0,13.37
254,24,43.0,4.0,39.28,22.66,0.0,157.12
255,24,4.0,5.0,17.26,19.08,0.0,86.3
256,24,28.0,1.0,12.62,10.51,0.0,12.62
257,24,103.0,4.0,10.01,5.1,0.0,40.04
258,24,1.0,1.0,8.19,8.61,0.0,8.19
259,24,78.0,2.0,4.64,2.92,0.0,9.28
260,24,96.0,1.0,25.51,12.69,0.0,25.51
261,24,60.0,1.0,7.67,1.41,1.16,6.51
262,24,141.0,1.0,12.5,4.95,0.0,12.5
263,24,129.0,2.0,30.06,12.31,0.0,60.12
264,24,87.0,1.0,16.37,9.15,0.0,16.37
265,25,95.0,2.0,13.78,12.23,0.0,27.56
266,25,142.0,1.0,22.45,12.44,0.0,22.45
267,25,1.0,3.0,8.06,8.61,0.0,24.18
268,25,18.0,2.0,5.62,2.34,0.0,11.24
269,25,93.0,3.0,9.38,8.9,0.0,28.14
270,25,129.0,2.0,29.93,12.31,0.0,59.86
271,25,136.0,1.0,17.49,9.21,0.0,17.49
272,25,88.0,2.0,6.64,6.13,0.0,13.28
273,25,98.0,1.0,10.0,5.29,0.0,10.0
274,25,135.0,5.0,5.29,5.31,0.0,26.45
275,26,3.0,2.0,21.87,13.55,0.0,43.74
276,26,98.0,2.0,10.39,5.29,0.0,20.78
277,26,135.0,1.0,5.8,5.31,0.0,5.8
278,26,27.0,1.0,17.03,8.87,0.0,17.03
279,26,18.0,5.0,5.36,2.34,0.0,26.8
280,26,109.0,1.0,5.53,4.89,0.0,5.53
281,26,13.0,5.0,21.66,23.32,0.0,108.3
282,26,2.0,2.0,13.89,8.48,0.0,27.78
283,26,22.0,1.0,4.41,2.46,0.0,4.41
284,26,136.0,1.0,17.61,9.21,0.0,17.61
285,26,95.0,1.0,13.65,12.23,0.0,13.65
286,26,80.0,3.0,23.09,6.52,0.0,69.27
287,26,20.0,1.0,12.28,6.19,0.0,12.28
288,26,71.0,4.0,15.38,8.26,0.0,61.52
289,26,81.0,1.0,6.43,2.91,0.0,6.43
290,26,102.0,1.0,8.58,4.32,0.0,8.58
291,26,99.0,5.0,13.27,5.84,0.0,66.35
292,27,73.0,2.0,14.21,12.38,0.0,28.42
293,27,28.0,1.0,12.34,10.51,0.0,12.34
294,27,99.0,1.0,13.27,5.84,0.0,13.27
295,27,93.0,3.0,9.98,8.9,0.0,29.94
296,27,129.0,1.0,30.0,12.31,0.0,30.0
297,27,61.0,1.0,6.0,2.66,0.0,6.0
298,27,91.0,1.0,6.31,3.65,0.0,6.31
299,28,132.0,2.0,5.12,2.95,1.55,8.69
300,28,57.0,1.0,18.34,7.59,0.0,18.34
301,28,76.0,1.0,5.55,2.48,0.0,5.55
302,28,150.0,3.0,2.41,1.93,0.0,7.23
303,28,137.0,1.0,7.36,3.43,0.0,7.36
304,28,52.0,1.0,15.45,5.32,0.0,15.45
305,28,65.0,1.0,29.41,15.68,0.0,29.41
306,28,145.0,1.0,9.44,7.58,1.43,8.01
307,28,84.0,5.0,25.43,13.45,0.0,127.15
308,28,135.0,2.0,5.8,5.31,1.76,9.84
309,28,1.0,1.0,8.19,8.61,0.0,8.19
310,28,129.0,1.0,30.06,12.31,0.0,30.06
311,29,1.0,1.0,8.06,8.61,0.0,8.06
312,29,87.0,1.0,16.68,9.15,0.0,16.68
313,29,134.0,1.0,8.58,3.55,0.0,8.58
314,29,28.0,3.0,14.33,10.51,0.0,42.99
315,29,139.0,1.0,8.98,4.0,0.0,8.98
316,29,47.0,1.0,10.43,5.45,0.0,10.43
317,29,146.0,5.0,24.18,9.53,0.0,120.9
318,30,35.0,1.0,13.7,4.64,0.0,13.7
319,30,1.0,2.0,8.23,8.61,0.0,16.46
320,30,2.0,1.0,13.89,8.48,0.0,13.89
321,30,38.0,1.0,8.29,6.62,0.0,8.29
322,30,148.0,2.0,6.78,2.33,0.0,13.56
323,30,137.0,2.0,7.36,3.43,0.0,14.72
324,30,80.0,2.0,16.62,6.52,0.0,33.24
325,30,12.0,2.0,24.44,14.29,0.0,48.88
326,30,17.0,1.0,12.8,4.83,0.0,12.8
327,30,58.0,3.0,19.51,7.73,0.0,58.53
328,30,13.0,1.0,20.1,23.32,0.0,20.1
329,30,143.0,1.0,3.67,1.39,0.0,3.67
330,30,71.0,2.0,14.1,8.26,0.0,28.2
331,30,68.0,1.0,6.24,3.36,0.0,6.24
332,30,43.0,2.0,39.28,22.66,0.0,78.56
333,30,51.0,1.0,5.09,2.9,0.0,5.09
334,30,103.0,2.0,11.2,5.1,0.0,22.4
335,30,114.0,1.0,25.93,19.17,0.0,25.93
336,30,4.0,1.0,17.86,19.08,0.0,17.86
337,30,87.0,2.0,16.68,9.15,0.0,33.36
338,30,131.0,3.0,4.84,2.27,0.0,14.52
339,30,88.0,1.0,6.36,6.13,0.0,6.36
340,30,106.0,3.0,7.01,7.59,0.0,21.03
341,31,,2.0,6.71,4.05,0.0,13.42
342,31,76.0,1.0,5.79,2.48,0.0,5.79
343,31,93.0,1.0,9.98,8.9,0.0,9.98
344,31,29.0,1.0,9.0,3.62,0.0,9.0
345,31,143.0,1.0,3.67,1.39,0.0,3.67
346,31,82.0,1.0,20.08,10.94,0.0,20.08
347,31,89.0,2.0,6.26,3.15,0.0,12.52
348,31,48.0,1.0,33.38,27.82,0.0,33.38
349,31,141.0,4.0,13.03,4.95,0.0,52.12
350,32,87.0,2.0,16.37,9.15,0.0,32.74
351,32,91.0,2.0,6.22,3.65,0.0,12.44
352,32,93.0,1.0,9.98,8.9,0.0,9.98
353,32,65.0,5.0,29.01,15.68,0.0,145.05
354,32,43.0,1.0,36.84,22.66,0.0,36.84
355,32,103.0,3.0,9.75,5.1,0.0,29.25
356,32,120.0,1.0,30.22,24.79,0.0,30.22
357,33,34.0,2.0,4.32,2.33,0.0,8.64
358,33,139.0,3.0,8.4,4.0,0.0,25.2
359,33,9.0,2.0,32.4,16.35,0.0,64.8
360,33,82.0,2.0,20.08,10.94,0.0,40.16
361,33,2.0,1.0,13.89,8.48,0.0,13.89
362,33,115.0,1.0,4.41,3.74,0.0,4.41
363,33,1.0,1.0,8.19,8.61,0.0,8.19
364,33,26.0,4.0,4.85,2.02,0.0,19.4
365,33,69.0,1.0,27.52,13.02,0.0,27.52
366,33,112.0,1.0,6.71,4.05,0.0,6.71
367,34,13.0,1.0,21.66,23.32,0.0,21.66
368,34,135.0,1.0,5.8,5.31,0.0,5.8
369,34,18.0,1.0,5.36,2.34,0.0,5.36
370,34,82.0,2.0,20.3,10.94,0.0,40.6
371,34,108.0,2.0,8.75,2.75,0.0,17.5
372,34,103.0,2.0,10.01,5.1,0.0,20.02
373,34,27.0,2.0,17.03,8.87,0.0,34.06
374,35,35.0,2.0,13.7,4.64,0.0,27.4
375,35,99.0,1.0,14.03,5.84,0.0,14.03
376,35,74.0,1.0,25.7,19.2,0.0,25.7
377,35,136.0,1.0,17.49,9.21,0.0,17.49
378,35,1.0,2.0,8.23,8.61,0.0,16.46
379,35,81.0,2.0,6.41,2.91,0.0,12.82
380,35,52.0,1.0,16.89,5.32,0.0,16.89
381,35,102.0,3.0,8.96,4.32,0.0,26.88
382,35,2.0,2.0,13.89,8.48,0.0,27.78
383,36,1.0,3.0,8.19,8.61,0.0,24.57
384,36,83.0,5.0,20.19,13.8,0.0,100.95
385,36,20.0,1.0,12.28,6.19,0.0,12.28
386,36,142.0,2.0,21.79,12.44,0.0,43.58
387,36,144.0,3.0,5.12,1.74,0.0,15.36
388,36,82.0,1.0,20.3,10.94,0.0,20.3
389,36,2.0,1.0,13.89,,0.0,13.89
390,36,4.0,1.0,17.92,19.08,0.0,17.92
391,37,103.0,2.0,11.54,5.1,0.0,23.08
392,37,63.0,1.0,9.44,4.05,0.0,9.44
393,37,84.0,1.0,23.2,13.45,0.0,23.2
394,37,118.0,5.0,14.1,14.08,0.0,70.5
395,37,147.0,2.0,4.74,2.77,0.0,9.48
396,37,80.0,2.0,16.62,6.52,0.0,33.24
397,37,41.0,3.0,29.1,13.54,0.0,87.3
398,37,2.0,2.0,14.69,8.48,0.0,29.38
399,37,111.0,1.0,17.32,9.35,0.0,17.32
400,37,94.0,1.0,7.56,3.68,0.0,7.56
401,37,18.0,5.0,5.85,2.34,0.0,29.25
402,37,119.0,3.0,5.66,2.9,0.0,16.98
403,37,117.0,2.0,3.61,3.53,0.0,7.22
404,37,129.0,1.0,29.93,12.31,0.0,29.93
405,37,139.0,3.0,8.98,4.0,0.0,26.94
406,38,38.0,1.0,8.29,6.62,0.0,8.29
407,38,9.0,1.0,30.83,16.35,0.0,30.83
408,38,29.0,1.0,9.0,3.62,1.48,7.52
409,38,98.0,3.0,10.55,5.29,0.0,31.65
410,38,24.0,1.0,4.57,2.77,0.0,4.57
411,38,143.0,2.0,3.67,1.39,1.21,6.13
412,38,10.0,1.0,4.99,2.67,0.0,4.99
413,38,88.0,1.0,6.36,6.13,0.0,6.36
414,38,149.0,1.0,11.18,3.99,0.0,11.18
415,38,127.0,5.0,11.98,8.8,0.0,59.9
416,38,74.0,1.0,25.7,19.2,0.0,25.7
417,38,105.0,5.0,10.36,6.0,0.0,51.8
418,38,63.0,1.0,8.64,4.05,0.0,8.64
419,39,37.0,1.0,9.08,4.41,0.0,9.08
420,39,48.0,2.0,32.52,27.82,0.0,65.04
421,39,11.0,3.0,9.02,8.02,0.0,27.06
422,39,1.0,1.0,8.19,8.61,0.0,8.19
423,39,62.0,2.0,8.06,7.19,3.4,12.72
424,39,20.0,2.0,12.28,6.19,0.0,24.56
425,39,63.0,4.0,8.64,4.05,0.0,34.56
426,39,26.0,2.0,4.68,2.02,1.98,7.38
427,39,89.0,1.0,6.21,3.15,0.0,6.21
428,39,84.0,3.0,25.43,13.45,0.0,76.29
429,39,68.0,3.0,6.24,3.36,0.0,18.72
430,39,98.0,2.0,10.39,5.29,0.0,20.78
431,39,122.0,2.0,11.64,3.71,0.0,23.28
432,40,103.0,4.0,11.2,5.1,0.0,44.8
433,40,58.0,1.0,18.94,7.73,0.0,18.94
434,40,27.0,1.0,17.2,8.87,0.0,17.2
435,40,139.0,1.0,8.98,4.0,0.0,8.98
436,40,91.0,1.0,5.73,3.65,0.0,5.73
437,40,22.0,1.0,3.93,2.46,0.0,3.93
438,40,18.0,3.0,5.85,2.34,0.0,17.55
439,40,53.0,3.0,23.34,12.28,0.0,70.02
440,40,76.0,1.0,5.63,2.48,0.0,5.63
441,40,33.0,1.0,-10.0,1.82,0.0,3.26
442,40,136.0,2.0,17.49,9.21,0.0,34.98
443,40,88.0,1.0,5.97,6.13,0.0,5.97
444,40,146.0,1.0,24.25,9.53,0.0,24.25
445,40,89.0,1.0,6.35,3.15,0.0,6.35
446,40,73.0,1.0,13.6,12.38,0.0,13.6
447,40,129.0,1.0,29.93,12.31,0.0,29.93
448,40,38.0,2.0,8.29,6.62,0.0,16.58
449,40,1.0,1.0,8.06,8.61,0.0,8.06
450,41,9.0,1.0,31.07,16.35,0.0,31.07
451,41,109.0,2.0,5.02,4.89,0.0,10.04
452,41,147.0,4.0,4.74,2.77,0.0,18.96
453,41,21.0,1.0,6.79,3.01,0.0,6.79
454,41,2.0,3.0,14.69,8.48,0.0,44.07
455,41,47.0,5.0,10.43,5.45,0.0,52.15
456,41,27.0,1.0,17.2,8.87,0.0,17.2
457,41,1.0,1.0,8.06,8.61,0.0,8.06
458,41,20.0,2.0,12.09,6.19,0.0,24.18
459,41,103.0,3.0,11.54,5.1,0.0,34.62
460,41,146.0,2.0,24.18,9.53,0.0,48.36
461,41,6.0,2.0,13.63,5.16,0.0,27.26
462,41,93.0,5.0,10.47,8.9,0.0,52.35
463,41,52.0,3.0,18.07,5.32,0.0,54.21
464,41,81.0,1.0,6.75,2.91,0.0,6.75
465,42,2.0,3.0,14.69,8.48,0.0,44.07
466,42,142.0,2.0,22.45,12.44,0.0,44.9
467,42,65.0,1.0,29.41,15.68,0.0,29.41
468,42,56.0,2.0,23.0,11.75,0.0,46.0
469,42,140.0,1.0,17.98,4.18,0.0,17.98
470,42,122.0,1.0,12.14,3.71,0.0,12.14
471,42,79.0,3.0,25.53,23.52,0.0,76.59
472,42,133.0,2.0,11.03,6.44,0.0,22.06
473,43,1.0,1.0,8.06,8.61,0.0,8.06
474,43,126.0,2.0,17.84,5.61,0.0,35.68
475,43,142.0,1.0,22.45,12.44,0.0,22.45
476,43,73.0,1.0,12.88,12.38,0.0,12.88
477,43,87.0,1.0,16.68,9.15,0.0,16.68
478,43,59.0,1.0,9.89,5.56,0.0,9.89
479,43,145.0,1.0,8.94,7.58,1.97,6.97
480,43,48.0,1.0,32.87,27.82,0.0,32.87
481,43,84.0,1.0,24.43,13.45,0.0,24.43
482,43,28.0,1.0,14.33,10.51,0.0,14.33
483,43,2.0,1.0,14.69,8.48,0.0,14.69
484,43,45.0,1.0,34.34,31.89,0.0,34.34
485,43,92.0,1.0,7.38,6.8,0.0,7.38
486,44,134.0,1.0,7.63,3.55,0.0,7.63
487,44,137.0,1.0,7.36,3.43,0.0,7.36
488,44,56.0,2.0,22.79,11.75,0.0,45.58
489,44,112.0,1.0,6.79,4.05,0.0,6.79
490,44,70.0,1.0,8.13,3.33,0.0,8.13
491,44,4.0,1.0,17.92,19.08,0.0,17.92
492,44,115.0,1.0,4.53,3.74,0.0,4.53
493,44,43.0,1.0,37.9,22.66,0.0,37.9
494,44,133.0,1.0,11.04,6.44,0.0,11.04
495,44,110.0,3.0,33.8,17.22,0.0,101.4
496,44,68.0,1.0,6.86,3.36,0.0,6.86
497,44,26.0,1.0,4.58,2.02,0.0,4.58
498,44,48.0,2.0,33.38,27.82,0.0,66.76
499,44,104.0,3.0,11.91,5.67,0.0,35.73
500,44,131.0,3.0,5.04,2.27,0.0,15.12
