order_id,customer_id,restaurant_id,promotion_id,order_timestamp,order_channel,order_status,subtotal,discount_total,total_amount
1,5644.0,18,,2024-11-21 21:23:18,Third-party delivery platforms,refunded,220.46,0.0,220.46
2,15829.0,12,,2024-11-01 21:04:49,Restaurant Website/App,completed,334.59,0.0,334.59
3,37964.0,16,,2024-12-07 18:06:50,Dine-in,completed,284.22,0.0,284.22
4,39259.0,19,,2024-12-27 21:49:21,Dine-in,cancelled,258.74,0.0,258.74
5,33460.0,7,,2024-07-03 20:37:54,Takeaway,completed,246.25,0.0,246.25
6,6731.0,1,,2024-09-02 12:42:55,Dine-in,completed,173.3,0.0,173.3
7,36198.0,3,,2024-09-07 13:29:53,Dine-in,completed,144.18,0.0,144.18
8,36338.0,17,27.0,2024-12-15 17:06:31,Third-party delivery platforms,completed,196.12,1.19,194.93
9,2173.0,14,,2024-05-07 12:38:50,Dine-in,completed,225.55,0.0,225.55
10,27602.0,7,,2024-01-19 10:02:07,Dine-in,completed,112.11,0.0,112.11
11,25125.0,18,,2024-06-25 12:44:42,Takeaway,completed,184.2,0.0,184.2
12,32358.0,20,4.0,2024-07-30 21:48:39,Takeaway,completed,236.33,5.74,230.59
13,34451.0,3,,2024-12-17 17:43:01,Third-party delivery platforms,completed,353.73,0.0,353.73
14,3303.0,1,,2024-12-22 16:30:10,Dine-in,completed,506.4,0.0,506.4
15,12442.0,5,,2024-08-19 15:41:44,Restaurant Website/App,completed,238.52,0.0,238.52
16,41299.0,11,,2024-01-30 12:59:34,Third-party delivery platforms,completed,281.38,0.0,281.38
17,25948.0,10,2.0,2024-11-06 08:48:49,Restaurant Website/App,completed,168.73,1.81,166.92
18,40745.0,16,,2024-05-06 21:31:31,Third-party delivery platforms,completed,214.25,0.0,214.25
19,12778.0,5,,2024-12-19 13:02:17,Takeaway,completed,159.87,0.0,159.87
20,46917.0,18,28.0,2024-04-16 16:49:40,Dine-in,completed,342.11,3.53,338.58
21,23158.0,6,,2024-01-23 16:03:47,Restaurant Website/App,completed,382.04,0.0,382.04
22,24313.0,13,,2024-01-21 18:21:21,Restaurant Website/App,completed,253.07,0.0,253.07
23,14671.0,14,1.0,2024-05-07 10:42:06,Dine-in,completed,138.61,11.25,127.36
24,39702.0,20,16.0,2024-06-20 19:16:49,Dine-in,completed,629.44,14.27,615.17
25,34837.0,1,,2024-12-07 12:11:01,Dine-in,completed,240.65,0.0,240.65
26,43243.0,15,,2024-04-14 12:27:42,Third-party delivery platforms,completed,515.86,0.0,515.86
27,21218.0,8,,2024-01-09 16:29:01,Dine-in,completed,126.28,0.0,126.28
28,40834.0,17,16.0,2024-07-09 19:32:23,Dine-in,completed,280.02,4.74,275.28
29,22046.0,4,,2024-12-30 22:54:38,Dine-in,completed,216.62,0.0,216.62
30,15181.0,4,,2024-10-02 11:22:50,Dine-in,completed,517.39,0.0,517.39
31,49306.0,17,,2024-05-24 20:22:05,Dine-in,completed,159.96,0.0,159.96
32,13632.0,2,,2024-03-25 20:25:33,Restaurant Website/App,completed,296.52,0.0,296.52
33,9935.0,11,,2024-05-29 20:07:29,Dine-in,completed,218.92,0.0,218.92
34,29249.0,8,,2024-04-14 18:55:05,Takeaway,completed,145.0,0.0,145.0
35,38310.0,6,,2024-10-09 12:08:23,Third-party delivery platforms,completed,185.45,0.0,185.45
36,6901.0,11,,2024-04-23 14:18:15,Restaurant Website/App,completed,248.85,0.0,248.85
37,40099.0,8,,2024-12-30 10:54:13,Dine-in,completed,420.82,0.0,420.82
38,48511.0,1,23.0,2024-09-27 19:05:00,Takeaway,completed,260.25,2.69,257.56
39,25642.0,17,6.0,2024-08-02 08:01:26,Other supported channels,completed,339.25,5.38,333.87
40,48272.0,3,,2024-12-22 14:07:00,Dine-in,completed,335.76,0.0,335.76
41,6839.0,5,,2024-12-31 13:52:07,Dine-in,completed,436.07,0.0,436.07
42,28523.0,2,,2024-12-24 19:50:39,Takeaway,refunded,293.15,0.0,293.15
43,44219.0,6,27.0,2024-12-13 21:26:22,Takeaway,completed,242.62,1.97,240.65
44,22853.0,2,,2024-02-28 17:21:38,Dine-in,completed,528.43,0.0,528.43
45,41338.0,6,29.0,2024-09-16 19:48:55,Dine-in,completed,294.13,4.01,290.12
46,32721.0,4,,2024-10-27 20:47:07,Other supported channels,completed,269.06,0.0,269.06
47,13006.0,6,29.0,2024-09-13 22:12:33,Restaurant Website/App,completed,236.48,5.13,231.35
48,45035.0,6,20.0,2024-08-09 14:48:17,Dine-in,cancelled,273.45,7.12,266.33
49,18543.0,3,,2024-11-08 12:56:13,Third-party delivery platforms,completed,193.53,0.0,
50,2271.0,9,,2024-12-31 17:18:01,Dine-in,completed,162.2,0.0,162.2
51,11563.0,15,,2024-11-08 09:13:04,Dine-in,completed,146.13,0.0,146.13
52,39990.0,18,,2024-12-24 10:50:41,Restaurant Website/App,completed,248.59,0.0,248.59
53,35926.0,15,,2024-06-20 10:50:47,Third-party delivery platforms,completed,483.48,0.0,483.48
54,33390.0,20,25.0,2024-11-28 16:27:29,Dine-in,completed,245.69,5.42,240.27
55,4418.0,9,,2024-11-27 21:28:54,Takeaway,completed,129.53,0.0,129.53
56,38450.0,15,,2024-02-07 21:09:57,Takeaway,completed,321.98,0.0,321.98
57,30497.0,15,,2024-03-01 13:31:31,Takeaway,completed,380.21,0.0,380.21
58,6481.0,19,,2024-11-30 20:34:08,Takeaway,completed,189.62,0.0,189.62
59,22127.0,17,,2024-12-21 18:36:15,Restaurant Website/App,completed,129.76,0.0,129.76
60,15866.0,3,,2024-12-09 19:59:32,Takeaway,completed,181.98,0.0,181.98
61,35644.0,14,,2024-07-24 10:42:36,Dine-in,refunded,249.55,0.0,249.55
62,20916.0,4,,2024-12-27 12:46:54,Third-party delivery platforms,cancelled,393.68,0.0,393.68
63,34088.0,2,,2024-02-25 11:25:55,Dine-in,completed,253.98,0.0,253.98
64,45882.0,1,,2024-04-28 21:31:26,Restaurant Website/App,completed,211.1,0.0,211.1
65,21409.0,20,,2024-11-12 12:16:11,Restaurant Website/App,cancelled,166.22,0.0,166.22
66,43826.0,13,,2024-08-07 18:06:29,Takeaway,completed,332.53,0.0,332.53
67,17553.0,6,27.0,2024-12-03 14:08:29,Third-party delivery platforms,completed,250.92,0.84,250.08
68,15768.0,8,27.0,2024-12-10 14:04:38,Restaurant Website/App,pending,309.28,1.53,307.75
69,7761.0,3,10.0,2024-02-18 13:57:54,Third-party delivery platforms,completed,234.69,7.98,226.71
70,36394.0,12,1.0,2024-04-22 19:08:43,Dine-in,completed,178.09,7.09,171.0
71,37213.0,14,,2024-10-10 21:24:52,Takeaway,completed,236.71,0.0,236.71
72,6533.0,6,14.0,2024-04-23 19:51:35,Dine-in,completed,191.57,17.71,173.86
73,46405.0,12,,2024-01-17 12:47:53,Third-party delivery platforms,completed,157.87,0.0,157.87
74,18880.0,7,,2024-04-03 16:13:57,Third-party delivery platforms,completed,201.15,0.0,201.15
75,32494.0,1,4.0,2024-07-24 12:36:42,Third-party delivery platforms,completed,227.52,8.61,218.91
76,43116.0,14,,2024-12-24 20:58:43,Dine-in,completed,189.0,0.0,189.0
77,25190.0,7,,2024-07-14 22:55:52,Takeaway,completed,184.86,0.0,184.86
78,44056.0,7,,2024-12-12 20:27:23,Takeaway,completed,281.55,0.0,281.55
79,37991.0,3,,2024-10-09 20:43:16,Dine-in,completed,76.89,0.0,76.89
80,18733.0,15,,2024-03-09 16:46:09,Takeaway,completed,166.71,0.0,166.71
81,22402.0,4,,2024-06-02 12:59:54,Third-party delivery platforms,completed,226.71,0.0,226.71
82,32034.0,8,,2024-10-27 14:03:24,Restaurant Website/App,completed,142.36,0.0,142.36
83,43917.0,16,,2024-05-27 12:11:55,Dine-in,completed,237.44,0.0,237.44
84,49368.0,9,,2024-01-28 08:01:49,Takeaway,completed,591.58,0.0,591.58
85,7919.0,10,2.0,2024-10-25 18:54:56,Takeaway,completed,82.97,1.9,81.07
86,31041.0,6,,2024-11-30 20:15:49,Dine-in,completed,455.21,0.0,455.21
87,45365.0,13,,2024-12-27 16:17:04,Restaurant Website/App,completed,110.67,0.0,110.67
88,13712.0,3,24.0,2024-10-06 18:19:54,Dine-in,completed,329.91,33.75,296.16
89,25044.0,20,,2024-04-23 21:17:41,Takeaway,completed,335.24,0.0,335.24
90,35072.0,9,,2024-07-21 19:50:21,Takeaway,refunded,344.61,0.0,344.61
91,23534.0,6,,2024-09-28 21:57:10,Dine-in,completed,75.99,0.0,75.99
92,8524.0,7,,2024-08-31 14:29:17,Takeaway,completed,222.06,0.0,222.06
93,9473.0,3,,2024-12-26 18:47:07,Dine-in,completed,254.48,0.0,254.48
94,29642.0,9,,2024-04-01 22:01:29,Takeaway,completed,274.34,0.0,274.34
95,49417.0,20,18.0,2024-08-06 22:57:34,Third-party delivery platforms,completed,199.9,1.24,198.66
96,5552.0,19,,2024-12-08 20:07:33,Third-party delivery platforms,completed,137.24,0.0,137.24
97,24532.0,12,,2024-01-21 11:10:17,Third-party delivery platforms,completed,209.75,0.0,209.75
98,4371.0,15,,2024-06-09 14:31:22,Third-party delivery platforms,completed,253.69,0.0,253.69
99,37909.0,11,,2024-12-10 10:41:15,Dine-in,completed,243.03,0.0,243.03
100,40515.0,13,,2024-12-31 19:12:27,Dine-in,completed,133.44,0.0,133.44
101,35078.0,1,,2024-06-23 19:11:27,Takeaway,refunded,381.0,0.0,381.0
102,33108.0,15,,2024-12-27 14:50:20,Third-party delivery platforms,completed,438.78,0.0,438.78
103,41168.0,15,,2024-11-07 18:13:17,Restaurant Website/App,completed,226.13,0.0,226.13
104,35917.0,5,,2024-07-22 21:45:16,Dine-in,completed,691.74,0.0,691.74
105,30486.0,16,,2024-10-06 20:34:32,Third-party delivery platforms,completed,581.59,0.0,581.59
106,35804.0,7,,2024-12-30 19:48:10,Dine-in,completed,98.33,0.0,98.33
107,5377.0,4,,2024-02-05 20:52:36,Restaurant Website/App,completed,277.47,0.0,277.47
108,17332.0,14,,2024-07-19 18:46:48,Dine-in,completed,272.37,0.0,272.37
109,33009.0,4,6.0,2024-08-07 22:06:46,Dine-in,completed,45.56,0.93,44.63
110,39913.0,10,,2024-10-26 11:54:54,Dine-in,completed,582.91,0.0,582.91
111,10489.0,20,,2024-12-30 19:17:48,Third-party delivery platforms,completed,334.41,0.0,334.41
112,16516.0,1,,2024-12-26 19:39:11,Dine-in,completed,85.99,0.0,85.99
113,22294.0,9,,2024-07-13 19:29:39,Takeaway,completed,640.79,0.0,640.79
114,45631.0,11,,2024-12-28 17:06:37,Restaurant Website/App,completed,298.71,0.0,298.71
115,18404.0,5,,2024-11-27 11:48:58,Third-party delivery platforms,completed,92.54,0.0,92.54
116,6962.0,4,5.0,2024-05-15 17:40:37,Restaurant Website/App,completed,194.76,7.21,187.55
117,43585.0,16,25.0,2024-12-02 18:55:10,Takeaway,completed,339.74,5.42,334.32
118,19866.0,19,,2024-07-27 14:50:40,Dine-in,completed,649.49,0.0,649.49
119,43168.0,11,,2024-06-25 16:08:10,Dine-in,completed,239.92,0.0,239.92
120,4177.0,14,27.0,2024-11-30 11:52:34,Dine-in,completed,288.81,1.16,287.65
121,47285.0,5,,2024-06-26 19:11:24,Dine-in,completed,78.22,0.0,78.22
122,47733.0,11,,2024-12-21 17:11:28,Other supported channels,completed,357.78,0.0,357.78
123,14284.0,1,,2024-03-20 22:59:45,Third-party delivery platforms,completed,438.92,0.0,438.92
124,1817.0,10,,2024-07-21 12:09:33,Restaurant Website/App,completed,158.64,0.0,158.64
125,20067.0,6,27.0,2024-12-12 12:27:02,Third-party delivery platforms,completed,209.74,1.16,208.58
126,11537.0,16,,2024-05-09 20:11:41,Dine-in,completed,118.66,0.0,118.66
127,38668.0,7,,2024-08-03 08:43:00,Takeaway,completed,135.57,0.0,135.57
128,2180.0,5,,2024-09-12 10:11:34,Third-party delivery platforms,completed,241.49,0.0,241.49
129,5765.0,1,,2024-11-27 20:26:02,Dine-in,completed,348.57,0.0,348.57
130,32954.0,10,,2024-09-24 21:00:47,Takeaway,completed,207.24,0.0,207.24
131,40789.0,16,,2024-05-17 20:23:59,Dine-in,completed,135.96,0.0,135.96
132,1692.0,4,,2024-08-22 10:41:26,Dine-in,completed,82.05,0.0,82.05
133,12697.0,15,,2024-02-11 14:48:42,Takeaway,completed,249.5,0.0,249.5
134,30458.0,12,,2024-12-25 16:40:35,Takeaway,completed,145.53,0.0,145.53
135,14036.0,18,,2024-09-27 14:07:00,Dine-in,completed,245.69,0.0,245.69
136,32509.0,8,,2024-02-03 20:53:04,Takeaway,completed,175.93,0.0,175.93
137,30932.0,18,,2024-12-28 21:10:38,Takeaway,completed,182.54,0.0,182.54
138,25290.0,9,,2024-07-01 12:53:35,Dine-in,completed,150.52,0.0,150.52
139,39179.0,2,,2024-05-06 18:14:42,Restaurant Website/App,completed,272.27,0.0,272.27
140,3546.0,14,,2024-01-26 23:18:02,Takeaway,completed,184.76,0.0,184.76
141,5333.0,12,,2024-05-25 13:17:37,Dine-in,completed,174.74,0.0,174.74
142,6469.0,16,,2024-10-22 11:23:24,Dine-in,cancelled,68.89,0.0,68.89
143,48835.0,14,,2024-02-03 18:57:48,Dine-in,completed,321.76,0.0,321.76
144,13770.0,2,,2024-12-08 10:33:35,Dine-in,completed,315.03,0.0,315.03
145,19688.0,20,,2024-04-04 12:15:31,Dine-in,cancelled,381.22,0.0,381.22
146,13490.0,4,,2024-01-10 11:33:48,Dine-in,pending,128.31,0.0,128.31
147,36866.0,18,,2024-07-11 17:49:24,Takeaway,completed,150.09,0.0,150.09
148,13249.0,10,30.0,2024-05-26 23:13:27,Dine-in,completed,212.67,3.08,209.59
149,28326.0,15,,2024-06-23 18:41:33,Dine-in,completed,456.71,0.0,456.71
150,5465.0,11,,2024-12-13 20:35:03,Restaurant Website/App,completed,266.56,0.0,266.56
151,40692.0,11,,2024-09-12 18:41:57,Dine-in,cancelled,120.84,0.0,120.84
152,47722.0,9,,2024-01-03 13:59:38,Other supported channels,completed,673.06,0.0,673.06
153,17767.0,7,,2024-10-27 20:00:05,Third-party delivery platforms,pending,73.87,0.0,73.87
154,4878.0,11,,2024-02-23 08:05:45,Takeaway,completed,274.52,0.0,274.52
155,17468.0,20,,2024-06-12 21:36:55,Third-party delivery platforms,completed,284.04,0.0,284.04
156,8151.0,13,,2024-10-27 09:28:58,Restaurant Website/App,completed,137.37,0.0,137.37
157,44522.0,1,11.0,2024-02-26 18:49:43,Third-party delivery platforms,completed,80.58,1.32,79.26
158,48201.0,3,27.0,2024-12-13 14:46:06,Third-party delivery platforms,completed,137.46,1.16,136.3
159,14782.0,11,,2024-05-23 23:00:40,Dine-in,refunded,179.26,0.0,179.26
160,37971.0,17,,2024-12-21 21:58:36,Dine-in,completed,225.79,0.0,225.79
161,38183.0,3,1.0,2024-04-21 12:43:13,Restaurant Website/App,completed,150.22,26.02,124.2
162,38899.0,14,,2024-08-08 10:04:24,Restaurant Website/App,completed,63.46,0.0,63.46
163,4575.0,9,27.0,2024-12-13 23:47:40,Dine-in,completed,116.55,3.66,112.89
164,42478.0,5,15.0,2024-09-14 15:15:37,Dine-in,completed,174.8,8.98,165.82
165,22063.0,3,,2024-02-17 19:45:19,Restaurant Website/App,completed,105.2,0.0,105.2
166,41116.0,5,,2024-01-28 20:52:12,Third-party delivery platforms,completed,326.45,0.0,326.45
167,16706.0,16,24.0,2024-10-18 21:30:51,Restaurant Website/App,completed,249.4,10.65,238.75
168,45872.0,16,,2024-07-19 12:13:19,Restaurant Website/App,completed,333.57,0.0,333.57
169,11096.0,11,14.0,2024-05-10 21:09:54,Takeaway,refunded,362.16,7.21,354.95
170,9045.0,6,,2024-02-26 22:34:34,Third-party delivery platforms,completed,272.27,0.0,272.27
171,614.0,5,21.0,2024-03-28 22:27:02,Dine-in,completed,223.09,2.58,220.51
172,14360.0,20,,2024-12-30 18:07:41,Takeaway,completed,376.46,0.0,376.46
173,21239.0,11,,2024-09-07 16:26:52,Dine-in,completed,352.83,0.0,352.83
174,38360.0,1,,2024-07-18 17:58:58,Restaurant Website/App,completed,158.6,0.0,158.6
175,3206.0,13,,2024-08-30 21:33:13,Third-party delivery platforms,completed,101.34,0.0,101.34
176,11269.0,10,,2024-10-23 20:29:42,Dine-in,completed,169.67,0.0,169.67
177,29959.0,9,,2024-12-31 19:13:40,Takeaway,completed,214.7,0.0,214.7
178,38361.0,5,,2024-11-15 19:35:58,Restaurant Website/App,completed,109.54,0.0,109.54
179,34506.0,18,,2024-08-02 23:31:49,Third-party delivery platforms,completed,329.4,0.0,329.4
180,38392.0,13,,2024-09-15 17:34:12,Takeaway,completed,239.25,0.0,239.25
181,38848.0,1,,2024-06-28 20:16:56,Restaurant Website/App,completed,358.23,0.0,358.23
182,8286.0,6,16.0,2024-06-17 13:39:39,Third-party delivery platforms,completed,145.41,2.86,142.55
183,14215.0,20,,2024-09-27 12:35:16,Takeaway,completed,324.02,0.0,324.02
184,44932.0,4,,2024-03-09 11:03:01,Restaurant Website/App,completed,346.98,0.0,346.98
185,36414.0,3,,2024-09-15 09:03:08,Restaurant Website/App,completed,419.68,0.0,419.68
186,48033.0,20,,2024-11-18 13:45:56,Restaurant Website/App,completed,257.57,0.0,257.57
187,48422.0,2,4.0,2024-08-08 19:06:27,Dine-in,refunded,143.07,2.87,140.2
188,158.0,14,23.0,2024-10-13 13:17:22,Restaurant Website/App,completed,327.24,6.84,320.4
189,29624.0,13,23.0,2024-10-30 20:03:44,Dine-in,completed,151.65,5.92,145.73
190,39940.0,13,16.0,2024-06-21 21:09:00,Third-party delivery platforms,completed,322.59,3.87,318.72
191,32443.0,6,16.0,2024-06-19 12:33:46,Restaurant Website/App,completed,231.76,4.07,227.69
192,3408.0,5,,2024-05-19 16:58:58,Restaurant Website/App,completed,279.8,0.0,279.8
193,34076.0,10,,2024-09-23 16:54:06,Third-party delivery platforms,completed,336.48,0.0,336.48
194,23568.0,10,25.0,2024-11-14 19:08:31,Takeaway,refunded,334.47,5.42,329.05
195,28625.0,9,25.0,2024-11-19 12:09:34,Dine-in,completed,133.12,5.42,127.7
196,39732.0,11,,2024-09-20 19:41:11,Restaurant Website/App,completed,244.9,0.0,244.9
197,8413.0,3,,2024-12-29 18:33:14,Dine-in,completed,308.67,0.0,308.67
198,17885.0,15,,2024-06-08 08:57:07,Restaurant Website/App,completed,243.28,0.0,243.28
199,2531.0,17,,2024-09-27 19:55:43,Third-party delivery platforms,completed,223.17,0.0,223.17
200,28548.0,11,,2024-04-07 12:00:37,Dine-in,completed,195.38,0.0,195.38
201,4403.0,11,25.0,2024-11-13 18:45:33,Restaurant Website/App,completed,119.95,5.42,114.53
202,12605.0,19,4.0,2024-08-02 16:24:27,Third-party delivery platforms,completed,175.79,2.87,172.92
203,37552.0,19,30.0,2024-05-22 18:33:01,Third-party delivery platforms,completed,196.64,12.62,184.02
204,5616.0,11,,2024-02-11 12:06:10,Takeaway,completed,331.23,0.0,331.23
205,17307.0,1,,2024-04-26 11:46:37,Takeaway,completed,565.37,0.0,565.37
206,37572.0,10,4.0,2024-08-12 16:42:03,Dine-in,completed,277.04,30.0,247.04
207,38527.0,5,,2024-12-16 18:34:10,Third-party delivery platforms,completed,300.57,0.0,300.57
208,37451.0,3,16.0,2024-06-23 14:20:14,Restaurant Website/App,completed,398.12,11.1,387.02
209,29853.0,5,,2024-12-20 20:28:04,Restaurant Website/App,completed,585.41,0.0,585.41
210,34828.0,20,4.0,2024-08-08 20:55:32,Dine-in,completed,106.59,7.24,99.35
211,33235.0,8,,2024-07-11 20:47:05,Other supported channels,completed,198.9,0.0,198.9
212,27283.0,16,,2024-03-30 22:48:16,Takeaway,completed,277.3,0.0,277.3
213,19378.0,17,17.0,2024-02-12 10:36:35,Third-party delivery platforms,completed,214.8,1.64,213.16
214,5498.0,1,18.0,2024-08-25 23:38:07,Third-party delivery platforms,refunded,201.73,1.32,200.41
215,41618.0,8,16.0,2024-06-20 15:17:38,Dine-in,completed,217.79,6.39,211.4
216,24915.0,14,,2024-12-25 20:11:58,Dine-in,completed,286.56,0.0,286.56
217,39170.0,20,30.0,2024-05-15 12:37:57,Dine-in,completed,207.59,7.85,199.74
218,23472.0,2,,2024-07-23 20:04:07,Third-party delivery platforms,completed,341.71,0.0,341.71
219,31924.0,13,,2024-11-09 10:10:14,Restaurant Website/App,completed,944.94,0.0,944.94
220,49055.0,4,6.0,2024-07-18 15:08:11,Takeaway,completed,234.47,1.7,232.77
221,4733.0,11,,2024-12-09 22:25:10,Dine-in,completed,369.03,0.0,369.03
222,14457.0,11,,2024-10-26 12:41:37,Dine-in,completed,283.5,0.0,283.5
223,12875.0,19,,2024-12-25 20:18:35,Restaurant Website/App,completed,418.63,0.0,418.63
224,44733.0,11,,2024-08-01 15:01:26,Takeaway,completed,179.32,0.0,179.32
225,6157.0,5,,2024-10-20 20:22:00,Takeaway,completed,224.79,0.0,224.79
226,41981.0,8,,2024-12-29 09:10:38,Dine-in,completed,474.7,0.0,474.7
227,5194.0,10,,2024-11-18 19:27:49,Restaurant Website/App,completed,315.54,0.0,315.54
228,49086.0,17,16.0,2024-06-02 21:36:49,Dine-in,completed,318.89,15.84,303.05
229,7200.0,10,14.0,2024-04-21 15:13:30,Takeaway,completed,354.07,8.86,345.21
230,1860.0,14,,2024-09-13 13:07:37,Dine-in,completed,545.77,0.0,545.77
231,45763.0,15,,2024-03-28 17:08:20,Third-party delivery platforms,completed,171.3,0.0,171.3
232,46436.0,9,,2024-06-20 18:19:36,Takeaway,completed,412.77,0.0,412.77
233,22905.0,5,,2024-12-23 20:43:16,Takeaway,completed,166.11,0.0,166.11
234,30908.0,10,,2024-05-29 12:05:06,Restaurant Website/App,completed,249.79,0.0,249.79
235,9693.0,20,,2024-08-22 15:52:38,Restaurant Website/App,completed,222.21,0.0,222.21
236,47786.0,16,,2024-12-07 21:45:55,Dine-in,completed,101.73,0.0,101.73
237,41995.0,3,,2024-05-05 15:13:27,Restaurant Website/App,completed,227.59,0.0,227.59
238,44371.0,16,25.0,2024-11-17 12:24:18,Dine-in,completed,33.8,5.42,28.38
239,42290.0,11,,2024-03-17 11:32:38,Takeaway,completed,199.42,0.0,199.42
240,27675.0,9,,2024-07-23 08:51:53,Takeaway,completed,185.47,0.0,185.47
241,16597.0,12,25.0,2024-11-26 12:56:43,Dine-in,cancelled,180.75,10.84,169.91
242,49647.0,6,,2024-05-08 18:41:01,Takeaway,completed,346.76,0.0,346.76
243,19911.0,11,26.0,2024-10-10 13:39:58,Restaurant Website/App,completed,225.44,5.14,220.3
244,48566.0,13,23.0,2024-10-15 23:12:09,Dine-in,refunded,347.22,11.6,335.62
245,11654.0,6,17.0,2024-02-01 17:55:09,Restaurant Website/App,completed,203.82,5.88,197.94
246,29923.0,13,,2024-06-02 19:12:15,Takeaway,completed,282.29,0.0,282.29
247,27501.0,8,,2024-01-29 10:02:18,Takeaway,completed,155.3,0.0,155.3
248,13297.0,5,14.0,2024-04-27 11:48:03,Takeaway,completed,230.65,8.86,221.79
249,12978.0,19,14.0,2024-05-18 20:02:32,Other supported channels,completed,347.4,35.43,311.97
250,39097.0,16,,2024-07-02 20:58:52,Third-party delivery platforms,completed,330.01,0.0,330.01
251,16578.0,16,,2024-12-30 22:24:00,Takeaway,completed,240.85,0.0,240.85
252,33393.0,19,,2024-10-15 14:22:31,Takeaway,completed,111.43,0.0,111.43
253,26319.0,12,,2024-06-11 17:18:23,Dine-in,completed,200.7,0.0,200.7
254,9357.0,4,,2024-09-27 10:59:32,Restaurant Website/App,completed,273.08,0.0,273.08
255,14052.0,20,,2024-06-14 12:54:45,Restaurant Website/App,completed,424.84,0.0,424.84
256,16100.0,10,25.0,2024-11-14 11:25:18,Dine-in,completed,279.66,4.42,275.24
257,13528.0,18,,2024-05-22 22:48:04,Dine-in,completed,335.39,0.0,335.39
258,5056.0,17,,2024-09-22 19:44:07,Third-party delivery platforms,completed,605.75,0.0,605.75
259,436.0,6,,2024-01-05 19:41:19,Dine-in,completed,287.58,0.0,287.58
260,40018.0,3,,2024-07-22 19:43:45,Dine-in,completed,144.55,0.0,144.55
261,,20,,2024-01-06 14:24:30,Third-party delivery platforms,completed,355.05,0.0,355.05
262,44959.0,1,,2024-10-14 13:31:14,Dine-in,completed,357.88,0.0,357.88
263,1331.0,18,,2024-12-28 11:04:03,Dine-in,completed,198.84,0.0,198.84
264,39217.0,14,,2024-10-08 20:47:32,Dine-in,cancelled,251.22,0.0,251.22
265,14931.0,11,,2024-04-21 22:33:30,Third-party delivery platforms,completed,391.91,0.0,391.91
266,33530.0,12,,2024-06-24 19:52:43,Third-party delivery platforms,completed,107.09,0.0,107.09
267,34695.0,3,,2024-10-14 19:26:54,Dine-in,completed,222.76,0.0,222.76
268,10885.0,6,16.0,2024-06-24 19:35:50,Restaurant Website/App,completed,454.86,6.62,448.24
269,10086.0,6,,2024-07-26 21:48:51,Takeaway,completed,120.33,0.0,120.33
270,42559.0,2,10.0,2024-02-19 13:03:52,Dine-in,completed,480.53,0.91,479.62
271,11342.0,14,,2024-07-23 18:18:38,Takeaway,completed,118.43,0.0,118.43
272,6012.0,1,,2024-09-23 10:11:34,Third-party delivery platforms,completed,71.56,0.0,71.56
273,34463.0,6,,2024-10-29 21:15:37,Restaurant Website/App,completed,246.6,0.0,246.6
274,10852.0,20,,2024-06-27 17:42:38,Dine-in,completed,120.24,0.0,120.24
275,36168.0,9,,2024-08-13 15:59:28,Restaurant Website/App,completed,336.61,0.0,336.61
276,22957.0,11,,2024-06-23 19:40:26,Restaurant Website/App,completed,173.74,0.0,173.74
277,18093.0,5,,2024-12-28 13:06:21,Dine-in,completed,356.13,0.0,356.13
278,3056.0,20,16.0,2024-06-24 20:00:36,Dine-in,completed,428.31,1.16,427.15
279,14708.0,7,18.0,2024-08-31 19:24:18,Restaurant Website/App,completed,113.04,0.54,112.5
280,13080.0,9,25.0,2024-11-24 11:38:36,Third-party delivery platforms,completed,95.93,5.42,90.51
281,37303.0,18,,2024-03-06 22:50:38,Restaurant Website/App,completed,195.02,0.0,195.02
282,24995.0,14,,2024-08-22 22:59:30,Dine-in,completed,191.39,0.0,191.39
283,45642.0,10,25.0,2024-10-27 14:09:14,Takeaway,completed,231.26,5.42,225.84
284,4085.0,14,,2024-06-07 11:20:35,Third-party delivery platforms,cancelled,169.67,0.0,169.67
285,25524.0,15,,2024-11-29 08:54:54,Dine-in,completed,245.25,0.0,245.25
286,12006.0,13,25.0,2024-11-17 12:56:55,Dine-in,completed,122.75,5.42,117.33
287,23150.0,3,20.0,2024-08-10 09:25:30,Third-party delivery platforms,completed,134.15,1.54,132.61
288,9916.0,10,22.0,2024-10-01 16:16:56,Third-party delivery platforms,completed,214.12,19.69,194.43
289,15392.0,4,,2024-07-15 19:40:49,Takeaway,completed,217.38,0.0,217.38
290,34139.0,16,,2024-09-23 19:22:02,Other supported channels,cancelled,321.35,0.0,321.35
291,41046.0,10,,2024-10-17 19:15:48,Dine-in,completed,116.52,0.0,116.52
292,27742.0,19,,2024-08-10 21:08:16,Dine-in,completed,308.31,0.0,308.31
293,15938.0,15,28.0,2024-04-19 19:24:23,Dine-in,completed,407.19,13.36,393.83
294,18242.0,4,,2024-12-03 17:42:54,Dine-in,completed,121.29,0.0,121.29
295,25748.0,8,11.0,2024-03-13 21:52:19,Takeaway,completed,169.78,2.64,167.14
296,27537.0,14,,2024-02-11 21:59:27,Third-party delivery platforms,completed,143.17,0.0,143.17
297,40966.0,10,,2024-12-21 08:33:38,Dine-in,completed,279.09,0.0,279.09
298,47796.0,17,,2024-12-22 20:14:38,Third-party delivery platforms,completed,146.95,0.0,146.95
299,10007.0,11,,2024-11-22 12:22:20,Takeaway,refunded,323.89,0.0,323.89
300,46241.0,5,16.0,2024-07-11 21:36:15,Dine-in,completed,278.23,2.7,275.53
301,28899.0,15,,2024-11-26 22:06:02,Takeaway,completed,321.69,0.0,321.69
302,17818.0,7,,2024-04-12 21:06:24,Dine-in,completed,155.59,0.0,155.59
303,9374.0,1,,2024-12-22 23:26:22,Takeaway,completed,154.13,0.0,154.13
304,32733.0,19,,2024-07-28 18:40:58,Dine-in,completed,141.22,0.0,141.22
305,33904.0,4,,2024-07-25 12:38:12,Takeaway,completed,132.76,0.0,132.76
306,44993.0,14,,2024-04-09 21:06:45,Takeaway,completed,256.65,0.0,256.65
307,16331.0,3,,2024-10-15 08:35:33,Third-party delivery platforms,completed,404.62,0.0,404.62
308,26870.0,10,27.0,2024-12-11 19:50:54,Dine-in,completed,323.49,7.73,315.76
309,31951.0,10,,2024-06-14 16:30:26,Dine-in,completed,239.62,0.0,239.62
310,38914.0,7,,2024-03-28 19:03:43,Other supported channels,completed,196.98,0.0,196.98
311,42704.0,9,,2024-09-23 21:58:31,Dine-in,completed,472.59,0.0,472.59
312,36804.0,9,25.0,2024-11-16 20:13:45,Dine-in,completed,313.89,5.42,308.47
313,14968.0,5,27.0,2024-12-12 18:11:08,Third-party delivery platforms,completed,210.36,3.49,206.87
314,25157.0,12,,2024-02-19 21:50:49,Takeaway,completed,134.11,0.0,134.11
315,26540.0,19,,2024-06-20 09:33:47,Dine-in,completed,97.77,0.0,97.77
316,48930.0,16,17.0,2024-02-04 11:25:00,Dine-in,completed,90.27,3.43,86.84
317,26809.0,7,,2024-12-07 16:41:16,Restaurant Website/App,completed,336.9,0.0,336.9
318,2027.0,18,,2024-03-20 23:31:38,Takeaway,cancelled,139.9,0.0,139.9
319,37487.0,7,,2024-05-05 11:42:13,Third-party delivery platforms,completed,98.19,0.0,98.19
320,19701.0,18,,2024-05-15 21:32:44,Dine-in,completed,128.67,0.0,128.67
321,25862.0,10,,2024-02-02 11:37:31,Takeaway,cancelled,278.63,0.0,278.63
322,36997.0,3,,2024-01-24 14:19:16,Takeaway,completed,170.38,0.0,170.38
323,48143.0,15,10.0,2024-02-25 18:27:43,Dine-in,completed,249.37,18.8,230.57
324,40267.0,2,21.0,2024-04-06 22:02:14,Third-party delivery platforms,completed,174.71,7.74,166.97
325,12763.0,17,,2024-12-08 20:18:03,Third-party delivery platforms,completed,360.05,0.0,360.05
326,10822.0,18,,2024-04-01 16:21:35,Dine-in,completed,99.94,0.0,99.94
327,48856.0,11,,2024-09-22 12:14:31,Dine-in,pending,252.33,0.0,252.33
328,10654.0,20,,2024-03-22 17:01:04,Dine-in,completed,117.23,0.0,117.23
329,6858.0,20,,2024-10-04 23:34:36,Dine-in,completed,298.25,0.0,298.25
330,44726.0,1,,2024-11-03 21:13:51,Dine-in,completed,261.14,0.0,261.14
331,22290.0,11,,2024-01-09 11:35:40,Dine-in,completed,501.95,0.0,501.95
332,2419.0,7,,2024-12-08 13:10:47,Third-party delivery platforms,completed,225.75,0.0,225.75
333,29609.0,19,,2024-10-23 21:31:52,Dine-in,pending,99.0,0.0,99.0
334,18442.0,16,,2024-01-13 21:52:03,Dine-in,completed,169.15,0.0,169.15
335,21920.0,15,,2024-01-18 22:19:17,Third-party delivery platforms,completed,205.44,0.0,205.44
336,29917.0,15,,2024-12-20 15:53:21,Restaurant Website/App,completed,243.06,0.0,243.06
337,49569.0,18,,2024-08-26 20:05:13,Restaurant Website/App,completed,346.66,0.0,346.66
338,5483.0,2,,2024-11-12 18:58:00,Other supported channels,completed,397.87,0.0,397.87
339,11834.0,1,15.0,2024-09-05 11:31:24,Dine-in,refunded,270.47,10.81,259.66
340,41840.0,18,,2024-12-07 18:14:53,Restaurant Website/App,completed,211.99,0.0,211.99
341,6792.0,1,,2024-04-13 21:31:25,Takeaway,completed,448.03,0.0,448.03
342,48668.0,5,,2024-03-26 23:18:20,Other supported channels,completed,121.89,0.0,121.89
343,16416.0,9,,2024-07-12 12:36:11,Other supported channels,completed,385.01,0.0,385.01
344,31467.0,17,,2024-06-30 15:14:59,Restaurant Website/App,completed,109.21,0.0,109.21
345,9791.0,18,,2024-03-26 12:20:46,Restaurant Website/App,completed,187.46,0.0,187.46
346,15823.0,13,,2024-09-27 20:54:29,Takeaway,pending,249.44,0.0,249.44
347,27704.0,9,27.0,2024-12-09 19:05:26,Restaurant Website/App,completed,159.95,2.33,157.62
348,48219.0,19,,2024-02-12 10:25:10,Third-party delivery platforms,completed,164.2,0.0,164.2
349,18939.0,13,,2024-06-01 18:17:42,Takeaway,completed,172.89,0.0,172.89
350,45166.0,1,,2024-11-20 13:50:25,Third-party delivery platforms,completed,206.69,0.0,206.69
351,10417.0,16,,2024-12-18 16:14:19,Takeaway,completed,343.46,0.0,343.46
352,1779.0,5,,2024-03-24 10:34:31,Dine-in,completed,221.8,0.0,221.8
353,42039.0,6,,2024-12-25 09:54:41,Restaurant Website/App,cancelled,246.45,0.0,246.45
354,35171.0,11,,2024-06-02 20:15:10,Dine-in,cancelled,200.5,0.0,200.5
355,5740.0,1,5.0,2024-05-18 19:01:07,Restaurant Website/App,completed,321.75,99.28,222.47
356,1049.0,13,,2024-11-26 19:44:02,Third-party delivery platforms,completed,296.65,0.0,296.65
357,41070.0,15,,2024-03-30 11:31:08,Dine-in,completed,456.62,0.0,456.62
358,8528.0,12,25.0,2024-11-23 17:51:58,Takeaway,completed,183.55,10.84,172.71
359,23926.0,9,,2024-07-07 20:17:09,Takeaway,refunded,349.19,0.0,349.19
360,42679.0,20,,2024-08-09 19:18:36,Dine-in,completed,196.14,0.0,196.14
361,28429.0,2,,2024-09-25 10:50:42,Dine-in,cancelled,159.42,0.0,159.42
362,45029.0,13,29.0,2024-09-09 15:15:34,Takeaway,completed,303.54,1.22,302.32
363,1855.0,19,,2024-06-22 13:40:04,Restaurant Website/App,completed,334.44,0.0,334.44
364,21213.0,13,2.0,2024-10-23 17:48:26,Dine-in,completed,231.45,1.04,230.41
365,9828.0,-999,,2024-10-27 10:33:31,Third-party delivery platforms,completed,190.92,0.0,190.92
366,20090.0,1,,2024-01-11 20:25:36,Takeaway,completed,555.02,0.0,555.02
367,38069.0,3,,2024-08-22 21:49:30,Takeaway,completed,102.1,0.0,102.1
368,44651.0,16,,2024-04-15 11:14:35,Third-party delivery platforms,completed,312.89,0.0,312.89
369,7374.0,16,,2024-05-14 15:41:17,Takeaway,completed,155.28,0.0,155.28
370,17307.0,11,,2024-07-06 17:06:42,Takeaway,completed,348.13,0.0,348.13
371,22220.0,8,,2024-08-12 18:33:45,Third-party delivery platforms,completed,405.15,0.0,405.15
372,12398.0,18,11.0,2024-03-06 19:30:00,Restaurant Website/App,completed,323.05,4.46,318.59
373,9911.0,15,,2024-07-21 21:13:01,Third-party delivery platforms,completed,259.61,0.0,259.61
374,41106.0,19,,2024-06-19 18:07:51,Restaurant Website/App,completed,227.04,0.0,227.04
375,43408.0,4,13.0,2024-03-14 11:13:16,Dine-in,completed,175.46,3.47,171.99
376,1526.0,8,,2024-02-29 12:54:27,Restaurant Website/App,completed,312.72,0.0,312.72
377,46068.0,17,25.0,2024-11-27 21:17:33,Third-party delivery platforms,completed,308.85,4.42,304.43
378,39512.0,10,,2024-12-20 20:16:05,Other supported channels,completed,431.87,0.0,431.87
379,14412.0,2,,2024-12-28 18:18:20,Dine-in,completed,168.97,0.0,168.97
380,31896.0,14,,2024-11-20 15:48:05,Dine-in,completed,169.32,0.0,169.32
381,23153.0,16,,2024-06-30 17:11:33,Third-party delivery platforms,completed,394.53,0.0,394.53
382,10319.0,20,,2024-07-22 12:17:41,Dine-in,completed,222.96,0.0,222.96
383,5478.0,12,,2024-12-09 19:39:43,Restaurant Website/App,completed,50.44,0.0,50.44
384,29500.0,17,,2024-08-18 13:38:46,Third-party delivery platforms,completed,270.47,0.0,270.47
385,1692.0,2,27.0,2024-11-30 20:26:19,Restaurant Website/App,completed,210.25,5.79,204.46
386,40142.0,4,27.0,2024-12-06 19:24:32,Restaurant Website/App,completed,273.65,1.53,272.12
387,32991.0,18,,2024-12-31 20:02:03,Dine-in,completed,193.08,0.0,193.08
388,32463.0,4,,2024-12-30 15:50:52,Dine-in,completed,345.19,0.0,345.19
389,27133.0,8,,2024-08-28 19:09:28,Takeaway,refunded,504.7,0.0,504.7
390,30805.0,7,,2024-12-31 18:40:17,Third-party delivery platforms,completed,289.63,0.0,289.63
391,45877.0,18,,2024-03-29 12:58:50,Other supported channels,completed,98.7,0.0,98.7
392,27862.0,11,8.0,2024-05-13 21:18:19,Third-party delivery platforms,completed,106.44,2.12,104.32
393,13838.0,19,,2024-03-15 08:35:49,Restaurant Website/App,refunded,224.35,0.0,224.35
394,36119.0,17,28.0,2024-05-19 09:38:54,Third-party delivery platforms,completed,429.3,16.64,412.66
395,16775.0,19,,2024-07-27 11:07:14,Restaurant Website/App,completed,398.65,0.0,398.65
396,43293.0,2,17.0,2024-02-19 13:02:44,Dine-in,completed,129.34,3.43,125.91
397,22045.0,10,,2024-08-24 21:45:20,Third-party delivery platforms,completed,268.0,0.0,268.0
398,13331.0,17,25.0,2024-11-12 18:35:00,Dine-in,completed,420.0,5.42,414.58
399,3876.0,5,27.0,2024-11-26 12:35:47,Takeaway,refunded,494.42,0.84,493.58
400,16666.0,13,,2024-05-12 11:57:05,Restaurant Website/App,completed,261.43,0.0,261.43
401,25897.0,18,,2024-01-17 15:23:20,Restaurant Website/App,cancelled,294.45,0.0,294.45
402,3973.0,8,22.0,2024-09-16 19:05:28,Dine-in,completed,143.85,4.6,139.25
403,48785.0,4,,2024-12-06 12:52:32,Restaurant Website/App,completed,303.59,0.0,303.59
404,30254.0,19,19.0,2024-09-08 16:57:34,Third-party delivery platforms,completed,276.33,3.12,273.21
405,38321.0,9,,2024-12-29 12:48:52,Dine-in,completed,180.11,0.0,180.11
406,3940.0,11,,2024-12-18 19:15:13,Takeaway,completed,87.24,0.0,87.24
407,20316.0,11,,2024-11-25 18:22:46,Third-party delivery platforms,completed,427.57,0.0,427.57
408,19370.0,8,,2024-08-12 20:14:06,Takeaway,completed,246.34,0.0,246.34
409,33533.0,3,,2024-12-24 18:13:20,Third-party delivery platforms,completed,199.67,0.0,199.67
410,23598.0,14,,2024-11-01 12:43:10,Takeaway,completed,126.04,0.0,126.04
411,12540.0,10,,2024-10-24 17:06:23,Third-party delivery platforms,completed,196.03,0.0,196.03
412,37413.0,7,9.0,2024-09-04 19:17:18,Restaurant Website/App,completed,170.0,4.66,165.34
413,34702.0,10,,2024-02-05 17:07:23,Third-party delivery platforms,completed,238.07,0.0,238.07
414,20475.0,1,,2024-05-04 17:38:32,Restaurant Website/App,refunded,398.97,0.0,398.97
415,43811.0,16,,2024-05-04 21:02:21,Takeaway,completed,54.63,0.0,54.63
416,7003.0,18,,2024-11-17 22:31:23,Restaurant Website/App,completed,128.29,0.0,128.29
417,25700.0,4,,2024-06-01 10:58:18,Third-party delivery platforms,completed,315.16,0.0,315.16
418,42522.0,18,,2024-01-03 18:05:50,Dine-in,completed,333.5,0.0,333.5
419,35304.0,7,,2024-12-18 15:34:39,Dine-in,completed,519.73,0.0,519.73
420,26288.0,10,3.0,2024-03-24 18:57:01,Dine-in,completed,290.6,1.4,289.2
421,4708.0,6,,2024-12-20 19:44:39,Dine-in,completed,454.98,0.0,454.98
422,1731.0,10,26.0,2024-10-27 18:23:49,Restaurant Website/App,cancelled,114.12,2.57,111.55
423,33458.0,6,9.0,2024-08-16 12:45:24,Dine-in,completed,201.57,5.79,195.78
424,21917.0,20,27.0,2024-12-15 12:50:27,Takeaway,completed,240.43,1.19,239.24
425,20902.0,3,,2024-12-29 20:48:05,Third-party delivery platforms,completed,193.18,0.0,193.18
426,19557.0,18,,2024-12-24 10:47:08,Third-party delivery platforms,completed,153.23,0.0,153.23
427,8645.0,12,,2024-03-25 16:50:26,Restaurant Website/App,completed,219.57,0.0,219.57
428,27976.0,14,,2024-06-10 19:07:30,Takeaway,completed,115.93,0.0,115.93
429,18999.0,17,,2024-04-24 13:23:32,Restaurant Website/App,completed,309.03,0.0,309.03
430,3664.0,12,,2024-12-23 22:30:30,Takeaway,completed,158.51,0.0,158.51
431,46414.0,4,25.0,2024-11-19 20:25:37,Dine-in,refunded,80.45,5.42,75.03
432,24972.0,18,,2024-02-10 13:50:40,Dine-in,completed,418.35,0.0,418.35
433,12493.0,20,16.0,2024-06-29 19:31:04,Third-party delivery platforms,refunded,76.49,,73.21
434,35194.0,7,,2024-03-23 12:51:02,Takeaway,completed,330.15,0.0,330.15
435,42519.0,5,,2024-11-30 11:11:42,Dine-in,completed,185.26,0.0,185.26
436,14979.0,9,,2024-11-12 17:25:37,Third-party delivery platforms,completed,443.51,0.0,443.51
437,46429.0,6,,2024-10-20 13:16:55,Takeaway,completed,129.41,0.0,129.41
438,29517.0,5,24.0,2024-10-15 21:37:01,Dine-in,completed,511.0,13.54,497.46
439,13005.0,7,,2024-12-16 09:01:35,Dine-in,completed,262.88,0.0,262.88
440,35132.0,10,,2024-11-30 17:52:39,Takeaway,pending,81.26,0.0,81.26
441,30956.0,4,,2024-12-12 19:33:40,Dine-in,completed,363.9,0.0,363.9
442,46174.0,1,,2024-07-20 15:46:13,Takeaway,completed,265.94,0.0,265.94
443,44291.0,11,,2024-12-27 08:02:35,Takeaway,completed,76.59,0.0,76.59
444,30143.0,17,,2024-02-24 19:23:26,Takeaway,completed,604.4,0.0,604.4
445,31627.0,10,5.0,2024-05-31 12:36:42,Third-party delivery platforms,completed,171.19,39.71,131.48
446,10690.0,8,,2024-10-30 15:25:09,Takeaway,completed,279.03,0.0,279.03
447,37361.0,4,16.0,2024-06-19 08:16:46,Takeaway,completed,143.65,3.28,140.37
448,41008.0,6,25.0,2024-12-03 17:14:16,Dine-in,refunded,216.41,5.42,210.99
449,49597.0,4,,2024-06-28 09:01:13,Third-party delivery platforms,completed,308.98,0.0,308.98
450,11034.0,9,,2024-08-26 12:12:12,Takeaway,completed,317.47,0.0,317.47
451,27740.0,6,,2024-12-21 14:27:22,Restaurant Website/App,completed,191.92,0.0,191.92
452,48551.0,3,,2024-03-17 10:08:47,Dine-in,completed,155.39,0.0,155.39
453,35980.0,7,,2024-12-17 19:34:55,Dine-in,completed,131.29,0.0,131.29
454,16582.0,3,,2024-12-19 18:35:34,Takeaway,completed,137.6,0.0,137.6
455,2222.0,6,15.0,2024-09-16 15:07:07,Third-party delivery platforms,completed,380.78,21.57,359.21
456,48904.0,8,,2024-12-15 18:43:52,Third-party delivery platforms,completed,315.68,0.0,315.68
457,32014.0,4,,2024-02-10 12:45:38,Takeaway,completed,233.93,0.0,233.93
458,41066.0,19,15.0,2024-09-28 20:59:15,Dine-in,completed,274.21,35.93,238.28
459,3962.0,14,,2024-03-03 22:44:31,Dine-in,completed,134.77,0.0,134.77
460,28835.0,15,,2024-12-30 09:42:24,Dine-in,completed,243.85,0.0,243.85
461,46040.0,3,,2024-04-14 10:56:25,Dine-in,completed,152.42,0.0,152.42
462,31488.0,18,,2024-11-18 11:13:13,Dine-in,completed,,0.0,216.49
463,19021.0,7,,2024-04-20 21:16:34,Third-party delivery platforms,completed,273.47,0.0,273.47
464,14939.0,16,6.0,2024-07-18 10:34:50,Takeaway,completed,336.75,14.89,321.86
465,4962.0,10,,2024-06-16 10:22:23,Dine-in,cancelled,206.47,0.0,206.47
466,157.0,10,,2024-05-17 17:21:45,Takeaway,completed,520.08,0.0,520.08
467,17154.0,16,19.0,2024-09-11 21:09:31,Dine-in,completed,159.39,3.06,156.33
468,28379.0,19,,2024-10-24 18:30:45,Dine-in,completed,214.83,0.0,214.83
469,45015.0,7,,2024-09-24 11:01:23,Restaurant Website/App,completed,321.2,0.0,321.2
470,49252.0,5,,2024-07-13 14:35:56,Dine-in,completed,579.84,0.0,579.84
471,4884.0,2,,2024-01-22 20:23:39,Third-party delivery platforms,completed,290.99,0.0,290.99
472,14307.0,11,,2024-09-05 15:15:47,Restaurant Website/App,completed,280.19,0.0,280.19
473,1575.0,17,,2024-02-20 17:45:08,Third-party delivery platforms,completed,172.94,0.0,172.94
474,17268.0,4,,2024-11-09 12:33:12,Dine-in,completed,199.43,0.0,199.43
475,32650.0,20,,2024-12-28 12:40:02,Third-party delivery platforms,completed,205.32,0.0,205.32
476,20804.0,1,,2024-05-06 19:05:13,Dine-in,completed,210.13,0.0,210.13
477,40636.0,1,,2024-03-12 10:21:44,Third-party delivery platforms,completed,241.2,0.0,241.2
478,3349.0,18,6.0,2024-07-25 18:57:02,Dine-in,completed,167.67,1.99,165.68
479,31930.0,13,6.0,2024-08-14 19:59:13,Dine-in,completed,128.14,2.82,125.32
480,49928.0,4,,2024-11-29 20:47:43,Dine-in,completed,400.5,0.0,400.5
481,9322.0,13,,2024-04-29 20:29:14,Dine-in,completed,416.3,0.0,416.3
482,48219.0,5,,2024-08-09 09:23:23,Dine-in,completed,478.98,0.0,478.98
483,38414.0,18,,2024-10-18 20:56:15,Dine-in,completed,308.64,0.0,308.64
484,16152.0,4,,2024-02-15 21:54:56,Takeaway,completed,307.87,0.0,307.87
485,21208.0,18,,2024-07-07 22:39:41,Third-party delivery platforms,completed,381.55,0.0,381.55
486,5303.0,17,,2024-09-03 14:51:56,Dine-in,completed,83.71,0.0,83.71
487,34139.0,2,25.0,2024-11-12 12:00:04,Other supported channels,completed,284.27,4.42,279.85
488,28017.0,18,25.0,2024-11-16 19:58:49,Takeaway,cancelled,198.09,5.42,192.67
489,9022.0,17,,2024-09-19 12:16:35,Dine-in,completed,387.54,0.0,387.54
490,26277.0,8,,2024-02-24 20:39:31,Takeaway,completed,490.56,0.0,490.56
491,47818.0,6,,2024-10-12 11:42:31,Dine-in,completed,133.3,0.0,133.3
492,48388.0,8,,2024-07-19 23:55:32,Dine-in,completed,301.16,0.0,301.16
493,39736.0,3,23.0,2024-10-03 13:31:44,Restaurant Website/App,completed,176.04,0.6,175.44
494,7092.0,9,,2024-05-21 19:55:47,Dine-in,completed,301.24,0.0,301.24
495,18175.0,10,16.0,2024-06-21 10:57:52,Restaurant Website/App,completed,353.89,2.53,351.36
496,30438.0,19,,2024-07-02 11:28:15,Dine-in,completed,307.56,0.0,307.56
497,8722.0,4,,2024-03-24 19:56:11,Restaurant Website/App,refunded,249.88,0.0,249.88
498,43718.0,12,,2024-01-23 18:56:14,Dine-in,completed,342.71,0.0,342.71
499,34496.0,10,,2024-07-13 15:40:54,Takeaway,cancelled,231.82,0.0,231.82
500,13694.0,16,,2024-05-29 21:44:32,Takeaway,completed,230.57,0.0,230.57
