pricing_history_id,menu_item_id,effective_date,unit_price
1,1,2024-01-01,8.19
2,1,2024-08-18,8.4
3,1,2024-09-05,8.06
4,1,2024-10-01,8.23
5,1,2024-11-30,8.27
6,1,2024-12-07,8.06
7,2,2024-01-01,14.98
8,2,2024-02-09,15.07
9,2,2024-03-22,13.89
10,2,2024-10-11,14.69
11,3,2024-01-01,22.93
12,3,2024-03-22,21.87
13,3,2024-08-16,18.03
14,3,2024-12-17,18.26
15,4,2024-01-01,17.92
16,4,2024-06-06,17.26
17,4,2024-08-09,17.65
18,4,2024-09-22,17.86
19,4,2024-12-30,17.96
20,5,2024-01-01,5.81
21,5,2024-02-29,5.78
22,5,2024-05-15,5.7
23,5,2024-07-24,5.92
24,6,2024-01-01,12.41
25,6,2024-08-14,12.94
26,6,2024-09-30,13.63
27,7,2024-01-01,5.89
28,7,2024-02-20,6.1
29,7,2024-10-03,5.9
30,7,2024-11-18,5.94
31,8,2024-01-01,13.28
32,8,2024-07-08,13.82
33,8,2024-07-10,13.4
34,8,2024-11-23,12.84
35,9,2024-01-01,32.4
36,9,2024-04-03,32.4
37,9,2024-08-21,30.83
38,9,2024-12-15,31.07
39,10,2024-01-01,4.77
40,10,2024-04-29,4.99
41,10,2024-10-01,4.79
42,10,2024-10-04,4.8
43,10,2024-10-09,4.82
44,11,2024-01-01,8.88
45,11,2024-05-31,9.02
46,11,2024-08-03,9.66
47,11,2024-11-11,9.39
48,12,2024-01-01,25.2
49,12,2024-04-09,24.71
50,12,2024-08-02,25.17
51,12,2024-08-16,24.44
52,12,2024-10-15,23.08
53,12,2024-12-10,22.86
54,13,2024-01-01,21.66
55,13,2024-07-04,21.45
56,13,2024-08-23,20.43
57,13,2024-09-10,20.1
58,14,2024-01-01,4.13
59,14,2024-04-27,4.13
60,14,2024-09-15,4.14
61,15,2024-01-01,16.6
62,15,2024-09-09,16.28
63,15,2024-10-24,16.84
64,15,2024-11-01,17.04
65,15,2024-12-22,16.55
66,15,2024-12-27,16.89
67,16,2024-01-01,7.65
68,16,2024-06-09,7.34
69,16,2024-06-12,8.94
70,16,2024-06-15,7.73
71,16,2024-07-04,6.75
72,17,2024-01-01,11.32
73,17,2024-09-21,12.8
74,17,2024-12-17,12.72
75,18,2024-01-01,5.36
76,18,2024-04-17,5.48
77,18,2024-05-09,5.62
78,18,2024-12-21,5.85
79,19,2024-01-01,28.47
80,19,2024-06-20,29.33
81,19,2024-06-21,29.59
82,19,2024-08-07,28.33
83,19,2024-09-12,27.74
84,20,2024-01-01,12.28
85,20,2024-09-08,11.57
86,20,2024-10-15,11.22
87,20,2024-12-09,12.09
88,21,2024-01-01,6.69
89,21,2024-10-31,6.86
90,21,2024-11-02,6.79
91,22,2024-01-01,4.41
92,22,2024-07-24,4.45
93,22,2024-08-15,4.33
94,22,2024-09-01,4.17
95,22,2024-11-30,3.93
96,23,2024-01-01,4.85
97,23,2024-03-26,6.59
98,23,2024-04-16,6.95
99,23,2024-05-07,7.2
100,23,2024-08-16,5.73
101,23,2024-09-14,6.33
102,24,2024-01-01,4.89
103,24,2024-03-24,4.82
104,24,2024-05-18,4.48
105,24,2024-09-01,4.57
106,24,2024-11-02,4.54
107,24,2024-12-27,4.58
108,25,2024-01-01,8.69
109,25,2024-03-21,8.4
110,25,2024-04-27,8.35
111,25,2024-07-01,8.05
112,25,2024-11-09,8.52
113,25,2024-11-14,8.69
114,26,2024-01-01,4.58
115,26,2024-04-01,4.85
116,26,2024-06-07,4.68
117,26,2024-08-04,4.48
118,26,2024-10-02,4.15
119,26,2024-11-12,4.11
120,27,2024-01-01,17.61
121,27,2024-02-29,18.37
122,27,2024-03-27,17.03
123,27,2024-06-15,17.04
124,27,2024-10-18,17.2
125,28,2024-01-01,12.34
126,28,2024-03-21,
127,28,2024-06-23,13.55
128,28,2024-07-27,13.49
129,28,2024-09-14,14.33
130,29,2024-01-01,9.61
131,29,2024-03-27,8.92
132,29,2024-04-05,9.0
133,29,2024-12-14,9.07
134,30,2024-10-30,21.36
135,30,2024-11-22,20.69
136,30,2024-11-23,22.03
137,30,2024-12-16,22.7
138,31,2024-01-01,15.31
139,31,2024-01-25,23.8
140,31,2024-06-07,23.93
141,31,2024-08-05,29.28
142,31,2024-08-16,29.41
143,31,2024-10-18,31.02
144,32,2024-01-01,2.09
145,32,2024-03-23,2.26
146,32,2024-06-27,2.2
147,32,2024-10-13,2.13
148,32,2024-12-31,2.08
149,33,2024-01-01,3.34
150,33,2024-05-14,3.31
151,33,2024-06-13,3.31
152,33,2024-06-25,3.35
153,33,2024-11-26,3.26
154,33,2024-12-24,3.26
155,34,2024-01-01,4.32
156,34,2024-06-22,4.48
157,34,2024-08-05,4.42
158,35,2024-01-01,12.94
159,35,2024-03-11,12.87
160,35,2024-04-02,12.95
161,35,2024-08-21,13.17
162,35,2024-10-01,13.7
163,36,2024-01-01,7.38
164,36,2024-03-07,
165,36,2024-03-16,7.64
166,36,2024-09-14,7.58
167,37,2024-01-01,9.39
168,37,2024-05-12,9.66
169,37,2024-06-11,9.59
170,37,2024-07-21,9.25
171,37,2024-07-29,9.08
172,38,2024-01-01,11.64
173,38,2024-01-08,10.66
174,38,2024-01-31,10.42
175,38,2024-09-02,8.29
176,39,2024-01-01,4.97
177,39,2024-05-11,4.91
178,39,2024-05-19,5.02
179,39,2024-05-31,5.04
180,39,2024-10-20,4.77
181,39,2024-12-26,4.57
182,40,2024-10-21,5.18
183,40,2024-11-16,5.41
184,40,2024-12-01,5.45
185,40,2024-12-05,5.57
186,40,2024-12-15,5.78
187,40,2024-12-21,5.3
188,41,2024-01-01,31.84
189,41,2024-04-01,30.35
190,41,2024-04-27,28.47
191,41,2024-12-17,29.1
192,42,2024-10-29,3.42
193,42,2024-11-28,3.25
194,42,2024-11-30,3.02
195,42,2024-12-04,3.0
196,42,2024-12-07,2.85
197,43,2024-01-01,37.9
198,43,2024-03-17,36.84
199,43,2024-05-19,35.96
200,43,2024-06-14,39.28
201,44,2024-01-01,9.55
202,44,2024-04-17,9.22
203,44,2024-04-28,9.55
204,45,2024-01-01,37.97
205,45,2024-04-18,37.69
206,45,2024-06-15,34.77
207,45,2024-12-11,34.34
208,46,2024-01-01,4.44
209,46,2024-07-12,4.39
210,46,2024-08-20,4.36
211,47,2024-01-01,11.59
212,47,2024-05-15,11.01
213,47,2024-08-15,10.73
214,47,2024-08-26,10.48
215,47,2024-09-16,10.6
216,47,2024-10-31,10.43
217,48,2024-01-01,33.38
218,48,2024-07-30,32.52
219,48,2024-08-12,31.43
220,48,2024-09-15,32.87
221,49,2024-01-01,5.37
222,49,2024-11-20,5.58
223,49,2024-11-28,5.52
224,50,2024-01-01,11.89
225,50,2024-07-13,11.5
226,50,2024-08-20,11.66
227,50,2024-11-14,11.52
228,50,2024-11-21,11.52
229,50,2024-12-22,11.45
230,51,2024-01-01,5.1
231,51,2024-04-19,5.09
232,51,2024-12-24,4.94
233,52,2024-01-01,14.66
234,52,2024-05-08,14.67
235,52,2024-07-09,15.45
236,52,2024-09-09,16.89
237,52,2024-11-04,18.07
238,53,2024-01-01,24.02
239,53,2024-04-27,23.77
240,53,2024-06-18,23.84
241,53,2024-06-27,24.03
242,53,2024-08-24,23.26
243,53,2024-11-03,23.34
244,54,2024-10-11,4.82
245,54,2024-11-05,5.19
246,54,2024-11-10,5.3
247,55,2024-01-01,9.18
248,55,2024-09-13,9.18
249,55,2024-11-15,10.37
250,56,2024-01-01,22.79
251,56,2024-06-01,22.52
252,56,2024-06-29,23.0
253,57,2024-01-01,17.98
254,57,2024-02-16,17.52
255,57,2024-03-08,18.34
256,57,2024-11-23,18.73
257,57,2024-12-04,20.12
258,58,2024-01-01,17.65
259,58,2024-01-25,18.18
260,58,2024-04-14,19.41
261,58,2024-05-13,19.51
262,58,2024-10-10,18.94
263,59,2024-01-01,10.36
264,59,2024-01-16,9.9
265,59,2024-10-04,9.6
266,59,2024-11-16,9.89
267,60,2024-01-01,7.0
268,60,2024-03-04,7.25
269,60,2024-05-12,7.67
270,60,2024-07-10,7.52
271,60,2024-08-23,7.22
272,60,2024-10-03,6.94
273,61,2024-01-01,6.0
274,61,2024-07-23,5.85
275,61,2024-11-27,6.1
276,61,2024-12-27,6.23
277,62,2024-01-01,8.73
278,62,2024-03-01,8.47
279,62,2024-05-02,8.01
280,62,2024-06-05,8.06
281,62,2024-09-22,8.35
282,62,2024-12-10,8.19
283,63,2024-01-01,8.54
284,63,2024-07-19,8.64
285,63,2024-11-02,8.84
286,63,2024-11-27,9.44
287,64,2024-10-13,7.73
288,64,2024-11-04,7.62
289,64,2024-12-16,7.77
290,65,2024-01-01,29.93
291,65,2024-02-19,29.01
292,65,2024-03-31,29.58
293,65,2024-05-27,29.41
294,66,2024-01-01,8.82
295,66,2024-06-13,8.51
296,66,2024-10-31,8.54
297,66,2024-11-25,8.54
298,67,2024-01-01,6.79
299,67,2024-02-26,6.64
300,67,2024-06-19,6.93
301,67,2024-12-19,6.92
302,68,2024-01-01,6.86
303,68,2024-06-08,6.74
304,68,2024-06-25,6.73
305,68,2024-06-28,6.24
306,69,2024-01-01,27.66
307,69,2024-04-01,27.52
308,69,2024-06-06,28.25
309,69,2024-06-27,28.83
310,69,2024-08-11,27.89
311,70,2024-01-01,8.13
312,70,2024-03-05,8.05
313,70,2024-06-25,8.37
314,70,2024-09-03,8.49
315,70,2024-09-06,8.29
316,71,2024-01-01,15.38
317,71,2024-05-03,15.54
318,71,2024-07-07,14.54
319,71,2024-09-24,14.1
320,72,2024-01-01,4.83
321,72,2024-03-10,4.85
322,72,2024-03-31,4.85
323,72,2024-04-29,5.05
324,72,2024-04-30,5.21
325,72,2024-12-19,5.13
326,73,2024-01-01,14.21
327,73,2024-05-11,13.57
328,73,2024-05-24,13.39
329,73,2024-07-12,12.53
330,73,2024-08-21,12.88
331,73,2024-12-16,13.6
332,74,2024-01-01,21.25
333,74,2024-03-30,21.37
334,74,2024-04-07,22.54
335,74,2024-09-18,23.87
336,74,2024-09-22,25.7
337,74,2024-10-22,27.82
338,75,2024-09-13,2.15
339,75,2024-10-07,2.15
340,75,2024-10-11,2.05
341,75,2024-11-11,2.16
342,75,2024-12-07,2.08
343,75,2024-12-23,2.02
344,76,2024-01-01,5.55
345,76,2024-03-30,5.79
346,76,2024-05-29,5.55
347,76,2024-11-20,5.63
348,77,2024-01-01,3.09
349,77,2024-03-23,3.24
350,77,2024-09-24,3.68
351,77,2024-11-04,3.77
352,78,2024-01-01,5.11
353,78,2024-03-22,5.02
354,78,2024-03-31,4.64
355,78,2024-09-20,4.58
356,78,2024-10-25,4.48
357,78,2024-11-06,4.45
358,79,2024-01-01,26.85
359,79,2024-02-08,26.87
360,79,2024-10-14,26.85
361,79,2024-12-04,25.53
362,80,2024-01-01,23.09
363,80,2024-06-04,20.9
364,80,2024-07-09,16.62
365,81,2024-01-01,6.43
366,81,2024-10-09,6.41
367,81,2024-12-29,6.75
368,82,2024-01-01,20.3
369,82,2024-04-27,20.08
370,82,2024-11-02,20.86
371,83,2024-01-01,16.82
372,83,2024-03-08,20.19
373,83,2024-06-08,23.2
374,83,2024-07-21,27.76
375,83,2024-10-18,32.75
376,84,2024-01-01,25.43
377,84,2024-09-11,24.54
378,84,2024-10-17,24.43
379,84,2024-12-20,23.2
380,85,2024-10-12,5.12
381,85,2024-11-11,5.3
382,85,2024-12-09,5.21
383,85,2024-12-21,5.53
384,86,2024-01-01,8.43
385,86,2024-03-12,7.77
386,86,2024-05-01,8.01
387,86,2024-11-17,8.3
388,86,2024-11-22,99999.99
389,87,2024-01-01,16.37
390,87,2024-07-28,16.88
391,87,2024-09-28,16.68
392,88,2024-01-01,7.05
393,88,2024-01-20,7.18
394,88,2024-03-12,6.53
395,88,2024-04-25,6.36
396,88,2024-10-24,6.64
397,88,2024-12-14,5.97
398,89,2024-01-01,6.26
399,89,2024-06-06,6.21
400,89,2024-08-14,6.36
401,89,2024-10-05,6.35
402,90,2024-10-23,10.49
403,90,2024-11-24,10.21
404,90,2024-11-27,10.1
405,90,2024-11-29,10.29
406,90,2024-12-03,10.39
407,90,2024-12-27,10.64
408,91,2024-01-01,6.31
409,91,2024-03-05,6.22
410,91,2024-08-15,5.91
411,91,2024-11-17,5.9
412,91,2024-12-21,5.73
413,92,2024-01-01,7.86
414,92,2024-08-31,7.57
415,92,2024-09-30,7.38
416,93,2024-01-01,9.98
417,93,2024-08-21,9.27
418,93,2024-10-31,9.38
419,93,2024-12-08,10.17
420,93,2024-12-10,10.52
421,93,2024-12-24,10.47
422,94,2024-01-01,7.6
423,94,2024-07-16,7.03
424,94,2024-09-16,7.23
425,94,2024-09-22,7.59
426,94,2024-10-16,7.59
427,94,2024-11-26,7.56
428,95,2024-01-01,13.65
429,95,2024-04-27,14.1
430,95,2024-07-18,13.49
431,95,2024-10-30,13.78
432,95,2024-12-24,13.07
433,96,2024-01-01,23.23
434,96,2024-03-31,24.38
435,96,2024-04-10,25.51
436,96,2024-06-24,27.05
437,96,2024-11-26,29.04
438,97,2024-01-01,11.07
439,97,2024-07-26,11.35
440,97,2024-09-29,9.77
441,97,2024-12-03,8.33
442,97,2024-12-15,7.68
443,97,2024-12-23,7.79
444,98,2024-01-01,10.6
445,98,2024-03-25,10.39
446,98,2024-09-11,10.55
447,98,2024-11-03,10.0
448,99,2024-01-01,13.27
449,99,2024-06-26,13.44
450,99,2024-08-23,14.03
451,99,2024-10-27,14.74
452,100,2024-01-01,33.28
453,100,2024-05-16,33.67
454,100,2024-07-11,33.58
455,100,2024-09-10,32.78
456,100,2024-10-27,32.71
457,101,2024-01-01,23.35
458,101,2024-06-06,23.22
459,101,2024-06-24,22.42
460,101,2024-08-11,23.11
461,101,2024-10-14,21.88
462,102,2024-01-01,8.58
463,102,2024-08-23,9.06
464,102,2024-09-05,8.96
465,102,2024-10-10,8.44
466,102,2024-12-06,8.2
467,103,2024-01-01,9.52
468,103,2024-03-15,9.75
469,103,2024-03-26,10.01
470,103,2024-08-10,11.2
471,103,2024-12-23,11.54
472,104,2024-01-01,11.91
473,104,2024-05-15,14.11
474,104,2024-08-21,13.86
475,104,2024-08-28,16.34
476,105,2024-01-01,11.37
477,105,2024-04-22,10.57
478,105,2024-06-17,9.65
479,105,2024-07-02,10.36
480,105,2024-10-08,10.47
481,105,2024-12-24,10.67
482,106,2024-01-01,8.27
483,106,2024-05-22,7.65
484,106,2024-07-09,7.25
485,106,2024-08-19,7.01
486,106,2024-11-24,7.4
487,107,2024-01-01,16.46
488,107,2024-03-25,11.84
489,107,2024-05-29,15.91
490,107,2024-12-06,14.77
491,107,2024-12-19,12.23
492,108,2024-01-01,8.75
493,108,2024-04-25,8.48
494,108,2024-05-31,8.57
495,108,2024-06-11,8.32
496,108,2024-07-10,8.37
497,108,2024-09-04,8.37
498,109,2024-01-01,5.53
499,109,2024-04-21,5.34
500,109,2024-06-21,5.63
