promotion_id,menu_item_id
1,73
1,95
1,13
2,50
2,32
2,48
2,76
3,50
3,110
3,90
3,134
4,95
4,144
4,83
4,115
4,8
5,31
5,115
5,125
5,109
5,93
5,127
6,23
6,62
6,144
6,135
6,104
6,34
6,145
6,60
6,26
7,1
7,117
7,8
7,108
7,4
8,143
8,69
8,68
8,37
8,70
9,132
9,68
9,145
9,37
9,72
9,35
9,3
9,112
9,144
10,60
10,13
10,29
10,144
10,70
10,34
11,135
11,143
11,112
11,26
12,16
12,115
12,8
12,28
12,127
13,104
13,144
13,70
13,68
14,92
14,66
14,74
14,13
15,48
15,13
15,62
15,88
16,60
16,13
16,135
16,145
16,132
16,69
16,26
16,68
17,44
17,34
17,27
17,120
17,98
17,104
17,86
18,114
18,82
18,104
18,127
18,109
18,113
19,62
19,145
19,26
19,112
19,41
19,35
20,3
20,68
20,70
20,69
21,3
21,144
21,23
21,143
21,13
21,135
22,72
22,69
22,107
22,145
22,135
22,3
22,13
22,35
23,60
23,143
23,135
23,29
23,69
23,35
24,93
24,4
24,109
24,117
24,101
25,112
25,107
25,68
25,144
25,34
25,29
26,29
26,35
26,37
26,145
26,60
26,104
27,135
27,60
27,145
27,143
28,1
28,66
28,48
28,13
29,69
29,135
29,60
29,145
29,72
29,41
29,132
30,34
30,69
30,26
30,29
30,112
