promotion_id,promotion_name,discount_type,discount_value,coupon_code,start_date,end_date
1,Campaign 01,percentage,51.96,,2024-04-19,2024-05-23
2,Campaign 02,percentage,16.29,DINEIQ002,2024-10-17,2024-11-06
3,Campaign 03,percentage,11.79,DINEIQ003,2024-03-07,2024-04-17
4,Campaign 04,percentage,54.04,DINEIQ004,2024-07-21,2024-08-30
5,Campaign 05,percentage,54.52,,2024-05-08,2024-06-12
6,Campaign 06,percentage,21.12,,2024-07-17,2024-08-19
7,Campaign 07,percentage,47.41,,2024-08-12,2024-09-01
8,Campaign 08,percentage,21.93,DINEIQ008,2024-04-25,2024-05-24
9,Campaign 09,percentage,18.67,,2024-07-31,2024-09-05
10,Campaign 10,percentage,21.03,,2024-02-04,2024-03-03
11,Campaign 11,percentage,19.43,,2024-02-26,2024-04-07
12,Campaign 12,percentage,48.79,,2024-08-19,2024-09-15
13,Campaign 13,percentage,21.56,DINEIQ013,2024-02-27,2024-04-03
14,Campaign 14,percentage,40.89,,2024-04-14,2024-05-24
15,Campaign 15,percentage,44.69,,2024-08-20,2024-09-29
16,Campaign 16,percentage,15.13,DINEIQ016,2024-05-28,2024-07-11
17,Campaign 17,percentage,19.47,DINEIQ017,2024-01-27,2024-02-20
18,Campaign 18,percentage,9.51,DINEIQ018,2024-08-05,2024-09-03
19,Campaign 19,percentage,23.2,,2024-09-01,2024-09-22
20,Campaign 20,percentage,24.69,,2024-07-27,2024-09-03
21,Campaign 21,fixed_amount,2.58,DINEIQ021,2024-03-19,2024-05-01
22,Campaign 22,percentage,24.34,DINEIQ022,2024-09-09,2024-10-06
23,Campaign 23,percentage,16.44,DINEIQ023,2024-09-20,2024-11-03
24,Campaign 24,percentage,48.68,,2024-09-21,2024-10-23
25,Campaign 25,fixed_amount,5.42,,2024-10-27,2024-12-04
26,Campaign 26,fixed_amount,2.57,DINEIQ026,2024-10-07,2024-10-29
27,Campaign 27,percentage,22.0,,2024-11-26,2024-12-16
28,Campaign 28,percentage,40.02,DINEIQ028,2024-04-16,2024-05-20
29,Campaign 29,percentage,11.58,,2024-08-28,2024-09-18
30,Campaign 30,percentage,22.92,,2024-05-03,2024-06-07
