rating_id,customer_id,menu_item_id,restaurant_id,rating_value,rating_timestamp
1,,3.0,,5,2024-02-19 22:54:00
2,20488.0,141.0,,3,2024-09-06 22:10:00
3,40463.0,102.0,2.0,3,2024-03-18 12:08:00
4,13616.0,61.0,,4,2024-12-16 11:51:00
5,21950.0,,8.0,3,2024-08-12 09:54:00
6,24286.0,65.0,,5,2024-06-09 19:18:00
7,,,2.0,3,2024-12-22 09:50:00
8,31325.0,97.0,,3,2024-09-26 10:40:00
9,,121.0,17.0,4,2024-06-26 13:24:00
10,,117.0,,5,2024-12-20 09:34:00
11,18102.0,12.0,11.0,4,2024-08-13 17:09:00
12,22690.0,135.0,,4,2024-12-09 18:20:00
13,8709.0,,15.0,3,2024-05-04 22:27:00
14,37485.0,21.0,,4,2024-11-04 16:54:00
15,38856.0,111.0,,3,2024-06-18 09:35:00
16,6561.0,18.0,,5,2024-12-28 17:35:00
17,1533.0,143.0,15.0,3,2024-07-07 14:45:00
18,37140.0,146.0,,4,2024-07-22 21:57:00
19,,70.0,1.0,4,2024-04-16 13:34:00
20,11031.0,111.0,,4,2024-05-11 13:31:00
21,17167.0,127.0,,5,2024-08-23 08:55:00
22,40660.0,74.0,,5,2024-03-18 17:52:00
23,30836.0,122.0,,4,2024-09-11 08:20:00
24,46562.0,60.0,,5,2024-09-18 12:06:00
25,17629.0,,9.0,4,2024-10-19 16:20:00
26,2347.0,6.0,20.0,3,2024-01-25 22:12:00
27,,27.0,,5,2024-09-23 17:09:00
28,,,5.0,3,2024-11-13 21:57:00
29,28359.0,88.0,13.0,4,2024-07-23 21:58:00
30,27115.0,135.0,,5,2024-10-25 11:15:00
31,25232.0,69.0,,2,2024-11-24 13:53:00
32,6392.0,,7.0,3,2024-09-08 14:41:00
33,,83.0,,4,2024-06-05 20:11:00
34,18024.0,1.0,,1,2024-06-26 13:01:00
35,,105.0,9.0,4,2024-03-08 08:39:00
36,34435.0,80.0,9.0,3,2024-07-05 15:51:00
37,3385.0,91.0,,5,2024-04-16 08:02:00
38,46398.0,11.0,19.0,3,2024-08-03 14:16:00
39,15964.0,11.0,,5,2024-09-07 10:07:00
40,23980.0,4.0,9.0,4,2024-12-21 19:34:00
41,,85.0,,3,2024-09-18 17:02:00
42,,109.0,,4,2024-03-15 17:14:00
43,20639.0,107.0,3.0,3,2024-08-26 09:11:00
44,,92.0,7.0,5,2024-05-07 11:27:00
45,7662.0,110.0,,3,2024-04-08 19:03:00
46,12097.0,121.0,,3,2024-07-03 10:24:00
47,36622.0,123.0,20.0,3,2024-01-09 14:27:00
48,,26.0,3.0,2,2024-06-05 10:21:00
49,21960.0,78.0,9.0,4,2024-07-07 21:22:00
50,,123.0,,5,2024-03-11 08:42:00
51,,72.0,,4,2024-06-18 13:27:00
52,5388.0,24.0,,3,2024-10-01 09:32:00
53,32487.0,95.0,9.0,4,2024-03-22 09:01:00
54,18047.0,149.0,12.0,4,2024-03-31 20:57:00
55,,87.0,,4,2024-08-01 10:51:00
56,28485.0,,17.0,4,2024-08-23 21:43:00
57,6844.0,25.0,14.0,5,2024-12-31 22:33:00
58,28718.0,29.0,,4,2024-01-22 13:41:00
59,12254.0,117.0,,5,2024-08-22 10:28:00
60,25542.0,14.0,1.0,5,2024-04-25 17:40:00
61,30358.0,47.0,4.0,4,2024-11-01 08:12:00
62,44195.0,109.0,,4,2024-11-14 14:41:00
63,4194.0,,10.0,5,2024-01-22 22:43:00
64,,39.0,,3,2024-06-01 12:31:00
65,,,2.0,3,2024-01-06 22:08:00
66,28607.0,34.0,,2,2024-01-16 11:04:00
67,20581.0,99.0,5.0,3,2024-03-31 15:42:00
68,15515.0,,10.0,3,2024-07-04 16:51:00
69,,29.0,,3,2024-03-18 14:41:00
70,29747.0,80.0,3.0,3,2024-07-03 08:30:00
71,1040.0,117.0,,5,2024-12-07 16:59:00
72,48811.0,60.0,,3,2024-03-01 08:37:00
73,,21.0,,5,2024-02-04 13:42:00
74,,,1.0,4,2024-06-22 21:37:00
75,26914.0,117.0,,5,2024-12-19 08:49:00
76,1985.0,55.0,,2,2024-08-18 18:58:00
77,43778.0,42.0,10.0,2,2024-09-22 19:24:00
78,31838.0,100.0,11.0,4,2024-02-17 21:35:00
79,13557.0,75.0,17.0,4,2024-03-29 12:15:00
80,,64.0,,4,2024-04-29 10:04:00
81,40251.0,3.0,8.0,4,2024-06-30 21:42:00
82,20809.0,136.0,14.0,4,2024-07-21 20:42:00
83,11362.0,118.0,,4,2024-02-04 21:12:00
84,36645.0,,20.0,3,2024-02-14 20:46:00
85,2867.0,105.0,,2,2024-12-19 15:00:00
86,18903.0,20.0,,2,2024-01-28 19:25:00
87,24600.0,60.0,,4,2024-06-09 16:54:00
88,25257.0,,20.0,4,2024-04-22 09:09:00
89,,,13.0,5,2024-03-12 11:57:00
90,18738.0,118.0,,4,2024-07-29 16:56:00
91,40736.0,52.0,,4,2024-10-19 20:56:00
92,,76.0,,4,2024-03-08 22:48:00
93,34520.0,60.0,,3,2024-09-14 16:52:00
94,43616.0,41.0,14.0,4,2024-07-25 12:15:00
95,,23.0,,3,2024-08-15 12:56:00
96,,17.0,,3,2024-01-28 20:38:00
97,,36.0,8.0,4,2024-07-11 18:21:00
98,,36.0,,4,2024-09-27 08:10:00
99,17354.0,65.0,,4,2024-12-13 22:35:00
100,11241.0,118.0,16.0,5,2024-09-20 12:22:00
101,18478.0,25.0,17.0,4,2024-05-07 11:04:00
102,20199.0,150.0,,3,2024-11-28 17:57:00
103,,126.0,10.0,4,2024-03-03 16:39:00
104,38344.0,114.0,10.0,3,2024-01-07 08:39:00
105,,86.0,,4,2024-02-20 17:59:00
106,,95.0,,5,2024-08-28 14:28:00
107,1939.0,115.0,2.0,3,2024-04-15 16:00:00
108,,75.0,,4,2024-01-15 17:15:00
109,13014.0,34.0,,3,2024-04-20 10:19:00
110,20516.0,123.0,15.0,5,2024-04-20 09:02:00
111,48537.0,92.0,,4,2024-06-27 11:12:00
112,28279.0,,2.0,4,2024-06-28 09:10:00
113,19007.0,111.0,,4,2024-11-26 17:48:00
114,9067.0,,3.0,3,2024-10-10 21:13:00
115,,33.0,,4,2024-09-09 08:57:00
116,33506.0,69.0,12.0,4,2024-07-02 13:06:00
117,,44.0,17.0,4,2024-08-21 15:28:00
118,42261.0,126.0,1.0,5,2024-11-18 18:19:00
119,41100.0,101.0,,5,2024-10-27 15:05:00
120,40971.0,6.0,,4,2024-03-21 14:54:00
121,44318.0,,18.0,3,2024-09-21 19:22:00
122,2776.0,,11.0,4,2024-05-12 11:16:00
123,,26.0,,4,2024-07-18 17:14:00
124,8455.0,20.0,10.0,4,2024-01-21 16:59:00
125,3784.0,59.0,5.0,2,2024-01-23 14:05:00
126,42213.0,,13.0,3,2024-11-01 14:26:00
127,20731.0,71.0,7.0,5,2024-01-11 11:20:00
128,39757.0,84.0,,3,2024-06-02 20:46:00
129,,119.0,,3,2024-09-29 19:43:00
130,42330.0,143.0,,3,2024-07-08 15:13:00
131,27658.0,111.0,,3,2024-03-18 16:15:00
132,4907.0,,14.0,4,2024-05-09 13:58:00
133,,41.0,,4,2024-07-28 20:39:00
134,39375.0,52.0,,3,2024-06-19 15:50:00
135,42795.0,25.0,,1,2024-12-01 12:28:00
136,6517.0,47.0,2.0,4,2024-08-19 08:16:00
137,24429.0,89.0,,3,2024-06-08 15:09:00
138,24559.0,,3.0,3,2024-03-16 20:18:00
139,,52.0,15.0,4,2024-04-05 20:22:00
140,22984.0,48.0,,3,2024-12-20 12:23:00
141,24431.0,85.0,,3,2024-12-29 22:34:00
142,36876.0,97.0,,5,2024-04-10 18:40:00
143,31803.0,86.0,,2,2024-03-03 12:04:00
144,,99.0,,4,2024-01-26 19:34:00
145,8463.0,73.0,,4,2024-09-07 11:04:00
146,34026.0,138.0,11.0,5,2024-04-12 21:14:00
147,19039.0,37.0,,3,2024-01-09 19:18:00
148,11936.0,81.0,5.0,3,2024-03-18 08:36:00
149,,79.0,9.0,3,2024-06-11 19:43:00
150,34638.0,75.0,12.0,5,2024-03-28 18:52:00
151,2567.0,138.0,5.0,3,2024-09-21 13:17:00
152,39303.0,40.0,,4,2024-12-28 15:33:00
153,,25.0,,4,2024-03-14 14:12:00
154,30301.0,126.0,,3,2024-01-15 14:38:00
155,9224.0,15.0,,3,2024-11-15 16:34:00
156,18237.0,83.0,,4,2024-12-08 19:43:00
157,41617.0,42.0,,2,2024-06-14 17:05:00
158,,112.0,7.0,3,2024-11-21 11:58:00
159,39134.0,50.0,11.0,4,2024-11-10 12:52:00
160,28402.0,28.0,,3,2024-03-01 14:56:00
161,31318.0,102.0,16.0,4,2024-04-08 14:18:00
162,,,9.0,3,2024-09-14 20:37:00
163,46197.0,24.0,,3,2024-10-16 08:24:00
164,19025.0,21.0,,4,2024-06-09 09:33:00
165,49279.0,111.0,,4,2024-12-14 22:48:00
166,46176.0,123.0,,4,2024-09-23 12:45:00
167,18598.0,98.0,,5,2024-02-02 12:57:00
168,40669.0,44.0,,4,2024-09-09 12:11:00
169,,19.0,,3,2024-09-09 19:31:00
170,18721.0,130.0,,3,2024-04-05 19:52:00
171,,,15.0,3,2024-09-14 20:50:00
172,42486.0,142.0,,2,2024-06-09 14:05:00
173,,5.0,,5,2024-11-15 11:33:00
174,33356.0,94.0,1.0,4,2024-09-22 20:20:00
175,,124.0,,4,2024-05-27 22:26:00
176,35641.0,,13.0,5,2024-03-12 15:04:00
177,23586.0,43.0,6.0,3,2024-03-09 12:27:00
178,30915.0,5.0,,3,2024-06-07 21:36:00
179,,148.0,,4,2024-11-21 14:44:00
180,23536.0,145.0,,4,2024-05-27 09:31:00
181,6333.0,38.0,,4,2024-03-22 11:16:00
182,46393.0,102.0,6.0,4,2024-04-03 16:47:00
183,,,19.0,5,2024-08-02 18:43:00
184,7496.0,113.0,2.0,3,2024-06-21 14:27:00
185,,,10.0,2,2024-10-18 20:34:00
186,43007.0,100.0,,4,2024-06-12 12:42:00
187,49993.0,60.0,,3,2024-11-29 17:09:00
188,1306.0,142.0,13.0,2,2024-05-05 11:17:00
189,,131.0,,4,2024-07-19 18:59:00
190,36859.0,143.0,13.0,3,2024-05-12 08:01:00
191,,141.0,,4,2024-10-09 19:10:00
192,,133.0,,3,2024-02-17 11:40:00
193,16373.0,131.0,3.0,3,2024-12-23 11:16:00
194,10489.0,53.0,,3,2024-01-27 09:46:00
195,44213.0,97.0,2.0,5,2024-02-08 08:43:00
196,32121.0,,19.0,3,2024-08-05 22:33:00
197,,116.0,13.0,3,2024-10-04 15:34:00
198,,12.0,18.0,3,2024-07-30 18:22:00
199,15490.0,16.0,,4,2024-08-15 08:09:00
200,2726.0,16.0,,3,2024-12-01 11:15:00
201,37100.0,109.0,,5,2024-06-27 21:41:00
202,,93.0,,5,2024-11-24 17:34:00
203,,108.0,,4,2024-08-25 22:50:00
204,29362.0,,13.0,3,2024-08-18 20:35:00
205,8978.0,,2.0,3,2024-11-04 09:20:00
206,41063.0,60.0,,4,2024-03-21 21:34:00
207,10628.0,5.0,,3,2024-06-07 16:58:00
208,2184.0,94.0,,4,2024-08-16 09:43:00
209,16644.0,115.0,,5,2024-05-06 14:37:00
210,,111.0,,4,2024-06-02 11:56:00
211,29275.0,89.0,11.0,2,2024-06-17 10:59:00
212,25567.0,36.0,6.0,4,2024-01-23 20:28:00
213,49274.0,23.0,,4,2024-01-30 08:43:00
214,31381.0,30.0,18.0,4,2024-08-17 22:10:00
215,4387.0,23.0,8.0,4,2024-03-12 22:13:00
216,,75.0,,5,2024-04-26 09:36:00
217,4805.0,107.0,,2,2024-06-05 11:30:00
218,36433.0,49.0,,3,2024-08-24 16:39:00
219,,113.0,,4,2024-04-20 15:06:00
220,27886.0,8.0,7.0,4,2024-12-26 14:57:00
221,,60.0,,4,2024-02-24 13:59:00
222,,103.0,8.0,4,2024-06-08 20:15:00
223,43754.0,32.0,18.0,5,2024-05-05 21:57:00
224,23548.0,2.0,,3,2024-03-30 12:36:00
225,,46.0,,4,2024-10-07 17:46:00
226,,21.0,,5,2024-11-05 16:27:00
227,,137.0,,4,2024-10-13 12:35:00
228,,120.0,20.0,3,2024-05-08 09:10:00
229,12700.0,67.0,,2,2024-02-22 17:59:00
230,20259.0,28.0,,5,2024-03-27 12:24:00
231,19923.0,93.0,,4,2024-01-26 18:03:00
232,33335.0,48.0,,4,2024-10-18 08:58:00
233,36649.0,12.0,,4,2024-02-19 15:03:00
234,40696.0,,13.0,3,2024-06-15 17:42:00
235,12320.0,94.0,1.0,3,2024-04-19 15:01:00
236,15187.0,,13.0,4,2024-08-05 12:16:00
237,32551.0,107.0,,3,2024-05-28 17:22:00
238,30234.0,122.0,,4,2024-07-03 19:58:00
239,38492.0,64.0,,3,2024-07-27 21:01:00
240,6760.0,,6.0,3,2024-10-27 10:28:00
241,,4.0,,3,2024-04-18 12:39:00
242,14953.0,119.0,,4,2024-12-19 20:40:00
243,14721.0,24.0,18.0,5,2024-02-12 08:37:00
244,42003.0,20.0,18.0,3,2024-12-08 22:37:00
245,34777.0,8.0,,5,2024-03-30 15:29:00
246,,,8.0,5,2024-04-21 22:04:00
247,40594.0,38.0,,3,2024-04-12 08:57:00
248,32161.0,87.0,2.0,4,2024-10-21 09:43:00
249,36827.0,52.0,,3,2024-10-04 09:34:00
250,,57.0,20.0,5,2024-09-29 20:21:00
251,11826.0,78.0,8.0,3,2024-08-27 19:22:00
252,12983.0,82.0,,2,2024-08-11 12:56:00
253,,32.0,,4,2024-11-02 13:13:00
254,,60.0,5.0,4,2024-06-17 16:44:00
255,9632.0,,11.0,4,2024-08-16 18:34:00
256,42913.0,69.0,,4,2024-10-21 16:44:00
257,,149.0,,4,2024-12-15 09:57:00
258,37573.0,72.0,,5,2024-08-14 13:37:00
259,,126.0,,3,2024-10-10 22:46:00
260,21086.0,117.0,,4,2024-01-11 08:04:00
261,27304.0,8.0,,3,2024-08-17 08:35:00
262,,126.0,,4,2024-01-24 14:14:00
263,49405.0,82.0,16.0,2,2024-06-10 22:00:00
264,13050.0,34.0,,4,2024-03-27 16:02:00
265,19179.0,26.0,,4,2024-08-16 20:38:00
266,20549.0,28.0,19.0,3,2024-03-08 12:54:00
267,19664.0,93.0,,4,2024-06-15 16:21:00
268,23161.0,58.0,,4,2024-05-26 12:53:00
269,47245.0,,1.0,3,2024-03-19 08:55:00
270,49175.0,143.0,,3,2024-08-08 16:07:00
271,121.0,63.0,,3,2024-12-25 21:48:00
272,22904.0,124.0,2.0,4,2024-10-20 12:42:00
273,8064.0,148.0,,4,2024-03-15 08:31:00
274,38158.0,,6.0,5,2024-11-25 08:32:00
275,,98.0,4.0,5,2024-04-07 08:25:00
276,46076.0,54.0,,3,2024-09-16 20:35:00
277,,15.0,,3,2024-12-21 19:10:00
278,34164.0,49.0,,4,2024-04-08 13:59:00
279,36485.0,67.0,,2,2024-08-16 16:18:00
280,,43.0,,4,2024-12-26 14:25:00
281,6058.0,131.0,,3,2024-11-17 13:33:00
282,45441.0,141.0,17.0,2,2024-02-27 16:37:00
283,19863.0,21.0,,4,2024-03-02 19:12:00
284,,6.0,,4,2024-09-17 17:45:00
285,19845.0,146.0,2.0,3,2024-01-05 18:55:00
286,33241.0,26.0,,4,2024-01-25 15:49:00
287,1956.0,60.0,5.0,5,2024-11-28 20:22:00
288,16717.0,72.0,,5,2024-01-01 18:14:00
289,7048.0,71.0,,4,2024-11-03 10:11:00
290,,,8.0,3,2024-01-16 15:02:00
291,33485.0,88.0,3.0,4,2024-07-29 15:19:00
292,36613.0,138.0,8.0,3,2024-07-31 16:55:00
293,,,5.0,4,2024-07-26 13:24:00
294,,149.0,,3,2024-06-09 20:21:00
295,568.0,2.0,,2,2024-01-27 13:08:00
296,,,20.0,4,2024-04-05 13:57:00
297,3456.0,5.0,11.0,4,2024-06-30 21:56:00
298,46325.0,81.0,19.0,4,2024-10-04 10:05:00
299,,44.0,4.0,3,2024-01-30 09:55:00
300,28161.0,47.0,,4,2024-01-25 18:11:00
301,,104.0,,4,2024-12-01 16:52:00
302,26845.0,122.0,,4,2024-10-24 16:24:00
303,28197.0,3.0,3.0,4,2024-07-22 16:02:00
304,,,3.0,5,2024-08-11 10:15:00
305,47806.0,50.0,,4,2024-01-22 21:58:00
306,19627.0,2.0,1.0,2,2024-07-25 08:04:00
307,10756.0,87.0,,2,2024-05-15 22:48:00
308,,71.0,,4,2024-12-28 19:41:00
309,,112.0,,4,2024-10-08 20:49:00
310,48702.0,,6.0,3,2024-12-10 11:11:00
311,41133.0,150.0,15.0,2,2024-03-28 17:19:00
312,12270.0,77.0,,3,2024-11-24 16:09:00
313,233.0,81.0,,4,2024-04-14 15:35:00
314,45302.0,32.0,4.0,4,2024-09-19 18:15:00
315,36402.0,119.0,19.0,5,2024-01-11 13:03:00
316,22334.0,80.0,19.0,4,2024-11-16 15:27:00
317,15758.0,,8.0,4,2024-12-10 21:27:00
318,36342.0,48.0,1.0,4,2024-02-11 15:20:00
319,830.0,73.0,,4,2024-11-21 12:47:00
320,,60.0,,2,2024-09-01 19:07:00
321,,143.0,,3,2024-08-15 16:47:00
322,37473.0,68.0,,4,2024-09-24 10:43:00
323,,72.0,14.0,5,2024-08-09 15:28:00
324,46963.0,48.0,19.0,4,2024-08-21 22:47:00
325,,88.0,,4,2024-07-10 09:12:00
326,,66.0,,3,2024-05-23 12:09:00
327,,56.0,4.0,3,2024-12-11 19:43:00
328,5390.0,,1.0,3,2024-10-03 08:48:00
329,13424.0,130.0,18.0,4,2024-09-11 19:15:00
330,,62.0,,3,2024-05-17 10:13:00
331,,,14.0,3,2024-12-26 17:54:00
332,,63.0,14.0,4,2024-05-19 14:33:00
333,4014.0,48.0,,4,2024-01-16 19:34:00
334,,46.0,,4,2024-01-14 21:12:00
335,33526.0,145.0,7.0,4,2024-11-12 15:42:00
336,,147.0,,4,2024-02-18 08:34:00
337,49503.0,,7.0,3,2024-12-15 14:39:00
338,18426.0,49.0,3.0,4,2024-09-15 12:52:00
339,,6.0,,5,2024-04-06 15:13:00
340,28780.0,77.0,,4,2024-01-02 15:50:00
341,,,5.0,4,2024-08-14 15:38:00
342,,117.0,,4,2024-03-04 12:40:00
343,43731.0,45.0,,6,2024-01-08 17:16:00
344,,94.0,,4,2024-05-20 12:57:00
345,35886.0,126.0,13.0,5,2024-01-24 16:37:00
346,33201.0,62.0,2.0,4,2024-09-20 15:59:00
347,22902.0,65.0,10.0,4,2024-02-27 08:06:00
348,29207.0,2.0,,1,2024-10-17 20:30:00
349,,117.0,14.0,5,2024-01-21 12:05:00
350,44790.0,67.0,17.0,-1,2024-02-13 22:09:00
351,37413.0,69.0,3.0,5,2024-05-07 15:33:00
352,,107.0,,5,2024-06-11 18:26:00
353,,113.0,19.0,5,2024-06-15 20:31:00
354,48680.0,139.0,,3,2024-07-08 15:54:00
355,36662.0,141.0,,4,2024-05-21 16:30:00
356,7390.0,24.0,,5,2024-07-04 20:42:00
357,,97.0,,4,2024-06-23 10:34:00
358,2153.0,108.0,,5,2024-01-24 21:53:00
359,40201.0,55.0,4.0,4,2024-04-07 21:16:00
360,,84.0,,5,2024-02-23 19:44:00
361,265.0,101.0,11.0,5,2024-04-05 21:12:00
362,34857.0,122.0,,4,2024-02-12 18:33:00
363,31449.0,93.0,16.0,4,2024-07-21 09:32:00
364,22198.0,,4.0,4,2024-11-18 12:09:00
365,,53.0,,3,2024-03-06 20:50:00
366,,49.0,,4,2024-10-05 22:32:00
367,,3.0,8.0,5,2024-06-20 21:27:00
368,22440.0,102.0,12.0,4,2024-09-27 08:46:00
369,28223.0,,6.0,4,2024-01-30 13:05:00
370,,117.0,3.0,5,2024-03-11 17:57:00
371,15276.0,34.0,,3,2024-04-28 11:26:00
372,15590.0,22.0,,4,2024-04-15 10:43:00
373,41770.0,101.0,,4,2024-10-19 14:40:00
374,13589.0,141.0,7.0,4,2024-07-08 08:10:00
375,,41.0,,4,2024-10-03 17:14:00
376,,28.0,,5,2024-06-30 14:40:00
377,7908.0,33.0,,4,2024-08-30 15:56:00
378,29911.0,,18.0,4,2024-09-07 10:01:00
379,,31.0,5.0,4,2024-01-26 09:00:00
380,21410.0,84.0,13.0,4,2024-01-16 16:28:00
381,,80.0,5.0,4,2024-05-15 16:46:00
382,8283.0,20.0,,3,2024-06-24 10:50:00
383,41001.0,59.0,12.0,3,2024-03-19 12:58:00
384,12088.0,9.0,,3,2024-05-07 16:01:00
385,20430.0,131.0,,3,2024-04-22 17:33:00
386,10454.0,77.0,15.0,4,2024-11-11 11:26:00
387,6468.0,,1.0,2,2024-11-29 17:14:00
388,35458.0,90.0,,5,2024-03-11 15:33:00
389,29199.0,109.0,,3,2024-02-11 22:34:00
390,7006.0,67.0,,3,2024-04-14 22:04:00
391,,,13.0,3,2024-10-08 17:23:00
392,1890.0,61.0,,3,2024-06-13 13:58:00
393,22232.0,41.0,18.0,5,2024-02-28 11:06:00
394,6110.0,,15.0,3,2024-08-05 10:45:00
395,,68.0,,4,2024-12-23 10:18:00
396,48065.0,132.0,,2,2024-06-20 20:42:00
397,43081.0,110.0,,3,2024-03-02 22:08:00
398,9476.0,49.0,,4,2024-06-20 09:30:00
399,25416.0,10.0,,3,2024-08-27 12:30:00
400,37461.0,102.0,4.0,4,2024-11-30 18:28:00
401,37299.0,130.0,4.0,5,2024-05-02 17:40:00
402,,116.0,17.0,5,2024-12-20 21:00:00
403,48343.0,17.0,,4,2024-01-25 12:45:00
404,27201.0,115.0,,3,2024-03-13 17:25:00
405,10989.0,6.0,,3,2024-04-27 14:18:00
406,2493.0,12.0,5.0,5,2024-06-09 19:55:00
407,25216.0,121.0,,5,2024-01-29 18:06:00
408,432.0,121.0,,4,2024-11-12 21:14:00
409,16335.0,98.0,,5,2024-08-16 17:14:00
410,1567.0,134.0,20.0,2,2024-08-14 08:09:00
411,16484.0,74.0,,4,2024-05-09 17:00:00
412,11388.0,76.0,,4,2024-05-16 21:54:00
413,29556.0,81.0,,5,2024-03-30 09:25:00
414,49716.0,145.0,,5,2024-09-10 12:46:00
415,20605.0,,6.0,4,2024-01-09 22:51:00
416,6995.0,90.0,,4,
417,41982.0,37.0,19.0,4,2024-05-08 13:02:00
418,42193.0,,1.0,4,2024-03-04 18:24:00
419,13880.0,,15.0,4,2024-05-24 10:01:00
420,37442.0,71.0,5.0,5,2024-12-19 10:40:00
421,,38.0,12.0,4,2024-10-29 19:06:00
422,32782.0,86.0,,4,2024-10-05 14:41:00
423,,143.0,,4,2024-09-14 14:38:00
424,22051.0,,19.0,5,2024-09-02 16:55:00
425,9848.0,41.0,,4,2024-07-19 19:34:00
426,,14.0,16.0,3,2024-05-08 12:06:00
427,,,9.0,4,2024-11-03 16:20:00
428,35593.0,58.0,,4,2024-05-18 11:31:00
429,43562.0,148.0,,4,2024-07-02 13:09:00
430,38368.0,144.0,,3,2024-01-28 14:47:00
431,,68.0,16.0,5,2024-05-31 19:11:00
432,25612.0,,3.0,3,2024-08-06 21:07:00
433,,50.0,14.0,4,2024-03-26 13:19:00
434,19573.0,,7.0,3,2024-06-09 10:23:00
435,39280.0,128.0,,3,2024-04-15 14:50:00
436,22449.0,35.0,,4,2024-03-19 22:49:00
437,42055.0,52.0,,3,2024-08-02 12:32:00
438,5583.0,115.0,,4,2024-10-26 10:59:00
439,21331.0,,14.0,3,2024-12-27 19:34:00
440,40234.0,80.0,20.0,4,2024-05-28 16:52:00
441,38379.0,11.0,,4,2024-06-18 18:11:00
442,38741.0,104.0,5.0,5,2024-11-20 12:05:00
443,26886.0,64.0,,5,2024-09-07 11:15:00
444,48472.0,9.0,12.0,3,2024-10-15 09:02:00
445,,8.0,,5,2024-03-19 15:51:00
446,18376.0,120.0,10.0,5,2024-05-07 18:20:00
447,6286.0,14.0,,4,2024-04-12 13:17:00
448,15753.0,50.0,,4,2024-08-18 20:37:00
449,46105.0,29.0,,5,2024-12-17 12:41:00
450,13564.0,55.0,2.0,3,2024-12-18 14:47:00
451,42681.0,25.0,,3,2024-02-28 08:52:00
452,13927.0,54.0,,5,2024-03-13 22:47:00
453,27302.0,122.0,,3,2024-04-30 16:00:00
454,,127.0,,3,
455,18130.0,28.0,,4,2024-08-06 16:45:00
456,48318.0,55.0,17.0,5,2024-10-19 09:11:00
457,33946.0,100.0,19.0,3,2024-08-22 18:09:00
458,,73.0,13.0,4,2024-07-18 19:53:00
459,,,19.0,4,2024-06-17 16:19:00
460,43715.0,69.0,,3,2024-07-26 16:15:00
461,30240.0,19.0,,4,2024-09-14 21:37:00
462,,25.0,,4,2024-06-30 22:15:00
463,18508.0,101.0,,5,2024-04-12 21:18:00
464,38520.0,62.0,,4,2024-01-16 19:04:00
465,,35.0,,4,2024-11-02 13:07:00
466,12773.0,,10.0,3,2024-07-23 18:08:00
467,36532.0,82.0,,3,2024-10-01 21:27:00
468,12493.0,53.0,8.0,3,2024-05-31 16:16:00
469,,133.0,,4,2024-10-21 17:05:00
470,,131.0,,3,2024-11-17 16:05:00
471,18701.0,104.0,,3,2024-01-18 10:27:00
472,,,12.0,4,2024-04-22 14:25:00
473,20097.0,119.0,,3,2024-01-09 08:03:00
474,,78.0,,4,2024-09-20 22:30:00
475,,111.0,,4,2024-05-20 17:56:00
476,,122.0,,5,2024-12-08 10:42:00
477,37997.0,138.0,,4,2024-09-22 21:58:00
478,22655.0,149.0,,2,2024-07-02 19:42:00
479,41914.0,146.0,,5,2024-06-16 15:32:00
480,19720.0,130.0,12.0,3,2024-09-16 17:45:00
481,,99.0,,3,2024-03-25 19:47:00
482,33258.0,,16.0,5,2024-10-03 21:55:00
483,41957.0,41.0,7.0,5,2024-08-27 14:16:00
484,46174.0,84.0,18.0,3,2024-07-07 11:43:00
485,16199.0,122.0,15.0,4,2024-04-20 09:12:00
486,30578.0,,3.0,4,2024-02-21 19:29:00
487,23335.0,,4.0,4,2024-10-07 18:03:00
488,42506.0,,11.0,3,2024-05-28 19:25:00
489,20602.0,78.0,9.0,3,2024-09-06 18:56:00
490,33942.0,33.0,,3,2024-07-01 09:34:00
491,,,8.0,3,2024-09-11 18:31:00
492,,20.0,,5,2024-02-18 20:37:00
493,34155.0,74.0,,3,2024-03-07 22:04:00
494,,116.0,,4,2024-02-03 14:21:00
495,39740.0,117.0,7.0,4,2024-09-19 10:19:00
496,23505.0,92.0,5.0,4,2024-10-08 17:26:00
497,25981.0,144.0,,5,2024-08-20 21:56:00
498,45491.0,40.0,,4,2024-09-14 21:09:00
499,,94.0,,4,2024-11-04 14:48:00
500,,112.0,,4,2024-10-20 15:54:00
