restaurant_id,restaurant_name,city
1,DineIQ Sanaa Branch 1,Sanaa
2,DineIQ Aden Branch 2,Aden
3,DineIQ Taiz Branch 3,Taiz
4,DineIQ Al Hudaydah Branch 4,Al Hudaydah
5,DineIQ Ibb Branch 5,Ibb
6,DineIQ Dhamar Branch 6,Dhamar
7,DineIQ Al Mukalla Branch 7,Al Mukalla
8,DineIQ Sa'dah Branch 8,Sa'dah
9,DineIQ Amran Branch 9,Amran
10,DineIQ Marib Branch 10,Marib
11,DineIQ Zinjibar Branch 11,Zinjibar
12,DineIQ Sayun Branch 12,Sayun
13,DineIQ Hajjah Branch 13,Hajjah
14,DineIQ Bajil Branch 14,Bajil
15,DineIQ Rada'a Branch 15,Rada'a
16,DineIQ Ataq Branch 16,Ataq
17,DineIQ Lahij Branch 17,Lahij
18,DineIQ Al Bayda Branch 18,Al Bayda
19,DineIQ Abs Branch 19,Abs
20,DineIQ Ash Shihr Branch 20,Ash Shihr
